id_venta,id_cliente,id_producto,fecha,cantidad,precio_unitario,descuento,impuestos,metodo_pago,vendedor,total
1,352,672,2025-01-30T18:49:47,6,248.21,0.2,0.13,Cripto,Juan José Hurtado,1346.29
2,469,312,2024-12-31T19:59:24,10,74.66,0.24,0.08,Efectivo,Roque Capdevila Verdugo,612.81
3,233,496,2025-01-08T22:05:01,6,485.65,0.23,0.06,Efectivo,Carla Montserrat Aramburu Royo,2378.33
4,292,467,2025-08-25T13:37:17,3,313.13,0.05,0.13,Transferencia,María Dolores Constanza Ferrán Porras,1008.44
5,997,180,2025-01-19T14:25:00,3,89.01,0.04,0.2,Transferencia,Mario Sobrino-Toledo,307.62
6,452,267,2025-04-06T19:05:39,6,100.4,0.17,0.06,Efectivo,Teodosio Pelayo Merino,529.99
7,353,152,2025-07-17T01:11:58,6,229.73,0.29,0.13,Tarjeta,Moreno Alcázar-Pardo,1105.87
8,943,26,2025-04-07T08:45:31,7,466.22,0.23,0.19,Efectivo,Valentín Posada Oliver,2990.38
9,160,5,2025-01-30T04:16:06,9,488.04,0.1,0.16,Cripto,Andrea Nieto Ibañez,4585.62
10,918,297,2025-06-01T04:59:28,10,336.77,0.24,0.16,Cripto,Fernanda Cañas Caballero,2968.96
11,347,706,2025-04-07T13:35:07,2,368.5,0.27,0.07,Tarjeta,Aránzazu Gallardo-Jiménez,575.67
12,316,26,2025-05-19T07:40:49,7,312.59,0.07,0.1,Efectivo,Teófilo Sevilla-Pera,2238.46
13,57,623,2025-05-17T13:57:08,4,295.88,0.07,0.19,Efectivo,León Sosa Gordillo,1309.8
14,201,24,2025-01-31T08:30:00,2,273.82,0.13,0.15,Tarjeta,Micaela Salamanca,547.91
15,1000,525,2025-08-06T09:47:00,7,105.28,0.1,0.14,Tarjeta,Ascensión Roca Noguera,756.12
16,931,683,2025-08-08T11:53:51,6,204.8,0.21,0.11,Cripto,Emilio Lastra Navarro,1077.53
17,382,13,2025-05-11T19:54:56,5,179.01,0.09,0.12,Tarjeta,Jose Ramón Noguera Jaén,912.23
18,221,746,2025-10-23T00:10:11,8,373.35,0.12,0.12,Transferencia,Elisabet Sureda,2943.79
19,826,746,2025-09-08T05:41:51,7,367.02,0.12,0.18,Tarjeta,Marcial Arturo Esparza Esteve,2667.79
20,148,213,2025-03-01T13:30:47,5,242.56,0.26,0.2,Tarjeta,Guiomar Sanmartín Pallarès,1076.97
21,956,984,2025-03-13T00:59:16,10,380.5,0.03,0.11,Efectivo,María Jesús Mulet Paz,4096.84
22,425,180,2025-03-19T07:48:38,9,236.44,0.17,0.19,Transferencia,Narcisa Palomar,2101.79
23,191,853,2025-02-26T21:39:06,7,151.84,0.15,0.17,Efectivo,Teo Alberola Ibarra,1057.03
24,855,600,2025-10-25T06:01:19,5,252.11,0.22,0.08,Tarjeta,Teresa Ortega-Andrade,1061.89
25,158,269,2025-03-18T21:16:57,5,478.45,0.25,0.12,Efectivo,Marianela Méndez Barco,2009.49
26,428,184,2025-09-09T13:28:24,8,454.33,0.19,0.05,Efectivo,Guiomar Amores,3091.26
27,505,994,2025-08-08T08:07:01,2,303.46,0.11,0.12,Cripto,Toribio Diego Bello,604.98
28,890,265,2025-05-08T02:08:55,8,487.39,0.25,0.11,Tarjeta,Elodia Blanca Franch,3246.02
29,866,266,2025-09-19T01:28:06,3,295.01,0.04,0.12,Transferencia,Fernanda Hervás Aramburu,951.58
30,366,168,2024-12-16T09:59:59,1,143.61,0.13,0.19,Efectivo,Jose Angel Ribas Crespi,148.68
31,50,297,2025-07-07T15:12:29,5,269.51,0.28,0.13,Transferencia,Guillermo Peña Aragonés,1096.37
32,784,97,2025-09-13T22:42:55,10,378.79,0.16,0.18,Efectivo,Sara Mendoza Soto,3754.57
33,278,702,2024-11-23T12:59:15,6,56.96,0.17,0.17,Tarjeta,Melchor Rodríguez Armas,331.88
34,141,531,2025-03-14T21:04:54,5,192.78,0.15,0.1,Transferencia,Emilio Palacio Almazán,901.25
35,105,224,2025-06-07T19:56:50,3,256.66,0.25,0.17,Tarjeta,Sarita Polo-Lobato,675.66
36,428,472,2025-06-25T10:41:28,2,67.12,0.04,0.05,Efectivo,Nadia del Marín,135.31
37,320,708,2025-06-28T15:14:02,6,78.12,0.13,0.2,Efectivo,Cruz Cisneros,489.34
38,177,727,2025-10-13T10:25:26,5,24.09,0.24,0.08,Transferencia,Montserrat Gomez Narváez,98.87
39,705,233,2025-08-29T08:49:46,5,71.42,0.04,0.06,Tarjeta,Calixto Hidalgo Capdevila,363.38
40,80,20,2024-12-22T19:20:10,8,381.09,0.01,0.07,Tarjeta,Rosalía María Carmen Sanz Aragonés,3229.51
41,481,122,2024-12-02T09:30:55,5,31.21,0.09,0.05,Tarjeta,Rolando Pintor Valverde,149.11
42,802,127,2025-01-06T07:42:58,10,110.65,0.27,0.08,Efectivo,María del Trillo,872.36
43,30,93,2025-04-27T18:36:19,3,424.47,0.28,0.19,Efectivo,Dominga Daza Viana,1091.06
44,361,165,2025-09-14T14:08:31,9,392.59,0.18,0.13,Tarjeta,Carmela Salas Río,3273.97
45,102,840,2025-06-20T00:54:41,10,383.99,0.16,0.16,Efectivo,Samu Donaire Uría,3741.6
46,176,924,2025-10-16T20:35:50,9,12.12,0.22,0.19,Cripto,Carmina Estrella Checa Lumbreras,101.25
47,376,715,2025-04-12T22:55:03,10,100.71,0.2,0.07,Efectivo,Daniela Villalonga Viana,862.08
48,389,435,2025-03-08T10:44:13,4,261.98,0.12,0.16,Efectivo,Marcia Pi Tello,1069.72
49,127,478,2025-02-18T09:37:02,2,264.67,0.15,0.1,Efectivo,Angelita del Mena,494.93
50,571,740,2024-11-02T23:23:25,1,50.3,0.15,0.11,Cripto,Lilia María Del Carmen Pedrosa Jódar,47.46
51,615,754,2025-10-18T04:05:15,5,346.65,0.25,0.08,Cripto,Loreto Angelino Egea Ríos,1403.93
52,298,876,2025-10-06T16:58:26,7,102.5,0.02,0.18,Cripto,Andrés Felipe Crespi Pascual,829.72
53,962,696,2025-05-19T22:16:10,6,97.86,0.3,0.12,Tarjeta,Elodia Sales Perez,460.33
54,406,449,2024-12-04T10:58:52,9,332.69,0.03,0.07,Cripto,Curro del Dalmau,3107.69
55,712,605,2025-08-13T09:58:51,2,373.3,0.27,0.08,Efectivo,Amor Torralba Naranjo,588.62
56,999,204,2024-10-27T19:13:01,6,108.13,0.25,0.11,Transferencia,Javi del Macías,540.11
57,859,435,2024-11-22T03:41:09,8,146.47,0.21,0.14,Efectivo,Rosalva Torrents-Asenjo,1055.29
58,775,809,2025-03-12T00:13:08,7,184.49,0.2,0.19,Cripto,Espiridión Victor Manuel Puerta Rius,1229.44
59,524,286,2025-06-17T07:50:58,3,386.32,0.03,0.09,Cripto,Bonifacio Ruiz Samper,1225.37
60,237,644,2025-01-22T17:54:35,3,24.56,0.22,0.17,Cripto,María Manuela Ruiz,67.24
61,695,28,2025-02-26T18:08:38,3,197.49,0.2,0.07,Tarjeta,Eloísa Buendía Mancebo,507.15
62,779,79,2025-01-16T21:08:43,9,386.11,0.24,0.08,Cripto,Bibiana Sabater-Fonseca,2852.27
63,503,517,2024-11-27T01:33:24,5,275.79,0.24,0.13,Tarjeta,Timoteo Mendizábal,1184.24
64,976,783,2024-12-07T18:58:23,1,495.45,0.26,0.07,Cripto,Carlito Carlos Escamilla,392.3
65,323,874,2025-05-26T20:01:14,7,226.85,0.01,0.08,Efectivo,Felix Coca-Prado,1697.84
66,906,724,2025-06-08T15:25:21,3,250.83,0.04,0.16,Cripto,Dalila Camps Martorell,837.97
67,783,113,2025-06-10T23:58:06,10,340.76,0.2,0.15,Cripto,Diana Amorós Sureda,3134.99
68,488,576,2025-03-11T16:29:04,3,258.28,0.12,0.12,Cripto,Francisco Verdú-Padilla,763.68
69,632,693,2025-06-10T21:56:33,6,385.57,0.09,0.06,Tarjeta,Paco Aguilar Solsona,2231.52
70,132,858,2025-07-13T15:33:46,6,180.95,0.22,0.05,Efectivo,Yésica Carbajo,889.19
71,390,100,2025-01-29T18:10:55,7,179.12,0.11,0.1,Transferencia,Amor Manzanares Manso,1227.51
72,254,241,2024-11-11T19:03:40,5,300.34,0.27,0.06,Efectivo,Natividad Sosa,1162.02
73,118,346,2025-07-24T14:38:32,3,19.66,0.1,0.12,Cripto,Guiomar Saavedra Escribano,59.45
74,582,528,2025-09-19T16:51:34,7,140.64,0.21,0.14,Efectivo,Calixta Lorenza Mercader Alberdi,886.62
75,387,585,2025-04-02T04:06:37,7,167.99,0.03,0.12,Transferencia,Araceli Griselda Pozuelo Río,1277.53
76,345,509,2025-01-03T23:13:14,9,407.61,0.2,0.07,Efectivo,Antonio Blanco Camps,3140.23
77,373,993,2025-09-29T07:09:49,7,108.86,0.19,0.2,Tarjeta,Alba Valderrama Roldán,740.68
78,861,871,2025-03-04T21:21:49,9,114.9,0.08,0.09,Cripto,Trini Farré Arroyo,1037
79,824,232,2025-07-12T00:03:06,10,374.02,0.03,0.18,Tarjeta,Apolonia Belda Vicens,4281.03
80,607,345,2025-08-22T10:43:49,5,42.96,0.24,0.12,Transferencia,Florina Peñalver Valls,182.84
81,356,815,2025-08-21T09:10:33,2,329.25,0.09,0.17,Cripto,Mercedes Diaz Noguera,701.1
82,680,553,2025-05-29T17:37:53,6,108.04,0.12,0.14,Cripto,Vilma Huguet Lobato,650.31
83,688,782,2024-11-23T02:25:20,9,98.49,0.01,0.16,Transferencia,Camila de Perez,1017.95
84,591,512,2025-10-07T21:17:12,4,333.8,0.25,0.19,Efectivo,Alejandro Prats Carrasco,1191.67
85,960,654,2025-01-22T06:46:52,9,406.38,0.26,0.19,Tarjeta,Josefina Garzón Mesa,3220.72
86,535,206,2025-07-29T01:48:28,6,236.62,0.07,0.16,Efectivo,Maristela Soriano Espinosa,1531.59
87,865,446,2025-08-28T03:47:41,7,166.14,0.25,0.06,Transferencia,Fidel Baquero Llopis,924.57
88,867,423,2024-11-20T19:40:57,5,413.62,0.19,0.09,Transferencia,Dionisio de Lobato,1825.93
89,416,245,2024-11-29T13:28:52,2,83.48,0.01,0.17,Efectivo,Amancio Salamanca Esparza,193.39
90,476,498,2025-06-15T15:55:37,9,495.73,0.13,0.19,Transferencia,Faustino Ayala-Andres,4619.06
91,164,280,2024-11-03T14:31:26,3,24.28,0.24,0.09,Transferencia,Xiomara Camacho Dominguez,60.34
92,660,873,2025-07-21T18:20:57,1,482.26,0.15,0.05,Tarjeta,Fanny Plana,430.42
93,322,617,2025-03-11T13:42:17,5,434.91,0.27,0.11,Efectivo,Brunilda Peláez Castelló,1762.04
94,688,674,2025-05-10T12:24:43,2,204.48,0.25,0.18,Transferencia,Matías Goyo Hervia Gárate,361.93
95,115,585,2024-12-10T14:36:00,9,467.14,0.16,0.17,Efectivo,María Cristina Felisa Romeu Méndez,4131.95
96,509,906,2025-07-20T09:40:15,2,126.66,0.04,0.17,Efectivo,Venceslás Peral Talavera,284.53
97,853,599,2025-07-17T14:09:28,7,404.86,0.22,0.19,Transferencia,Ani Macarena Raya Verdú,2630.54
98,148,110,2025-01-22T21:29:03,3,114.91,0.08,0.11,Tarjeta,Santiago Guerra Piquer,352.04
99,503,547,2025-05-30T14:42:12,6,352.81,0.03,0.13,Cripto,Etelvina Domingo Fiol,2320.29
100,700,253,2025-05-16T09:49:28,5,440.92,0.28,0.1,Efectivo,Jenaro Vives Cornejo,1746.04
101,842,316,2025-02-11T13:31:31,1,326.24,0.27,0.06,Tarjeta,Guillermo Quesada-Díaz,252.44
102,708,940,2025-08-26T11:51:38,4,133.96,0.12,0.15,Efectivo,Loreto Mesa,542.27
103,925,832,2025-01-16T19:35:40,2,272.11,0.07,0.12,Tarjeta,Jose Ignacio Tamarit Nevado,566.86
104,932,984,2025-02-14T13:32:35,7,464.48,0.28,0.1,Transferencia,Cecilia Maza Martí,2575.08
105,305,216,2025-05-08T21:01:55,3,458.79,0.19,0.18,Cripto,Eduardo Asensio Carlos,1315.53
106,809,35,2025-07-16T10:30:29,5,434.56,0.25,0.19,Cripto,María Ángeles María Belén Torrecilla Casal,1939.22
107,755,423,2024-11-26T03:04:22,6,361.52,0.26,0.17,Transferencia,Domingo Pulido Martinez,1878.02
108,716,268,2024-12-10T14:45:31,9,42.52,0.13,0.16,Efectivo,Pánfilo Correa Abascal,386.2
109,465,712,2025-05-03T04:45:12,1,383.37,0.19,0.08,Cripto,Zacarías Pont Villar,335.37
110,811,657,2025-06-11T14:03:06,3,11.51,0.06,0.1,Tarjeta,Ani Amat-Márquez,35.7
111,114,162,2025-02-28T12:44:01,4,263.02,0.29,0.17,Transferencia,Leonor Luque-Pardo,873.96
112,868,609,2024-11-11T02:50:18,7,398.39,0.1,0.12,Transferencia,Aránzazu Molina,2811.04
113,267,178,2025-03-23T16:06:02,10,415.12,0.24,0.08,Cripto,Flavio Pablo Alegre,3407.3
114,377,187,2024-12-26T01:38:33,7,439.43,0.28,0.18,Transferencia,Adalberto Velasco Cazorla,2613.38
115,22,971,2025-05-29T13:05:43,1,462.33,0.19,0.14,Tarjeta,Micaela Moliner,426.92
116,998,474,2025-10-19T09:43:35,4,138.27,0.26,0.06,Cripto,Juanita Rey Acuña,433.84
117,615,267,2025-07-19T06:58:39,3,53.64,0.11,0.19,Tarjeta,Alexandra Reig Cabezas,170.43
118,15,736,2025-04-17T09:18:40,9,223.23,0.28,0.12,Cripto,Carla Acedo Luz,1620.11
119,122,230,2025-09-07T10:27:49,4,103.37,0.26,0.17,Efectivo,María Carmen Viana Gibert,357.99
120,765,507,2025-09-15T00:44:51,7,73.8,0.26,0.14,Efectivo,Baldomero López,435.8
121,745,694,2024-12-11T01:25:12,4,214.98,0.12,0.07,Efectivo,Nerea Villalobos-Bernat,809.7
122,1000,269,2025-04-26T20:02:35,4,312.66,0.27,0.11,Cripto,Dafne Tovar Salas,1013.39
123,88,11,2025-04-20T03:03:27,8,75.27,0.1,0.15,Transferencia,María Luisa Boada Gascón,623.24
124,731,393,2025-01-13T20:15:11,7,370.69,0.08,0.06,Tarjeta,Íñigo Luque Montaña,2530.48
125,54,341,2025-07-20T18:56:28,4,240.76,0.11,0.14,Tarjeta,Evangelina Ribera Vara,977.1
126,6,260,2025-10-20T00:11:13,9,313.63,0.09,0.11,Efectivo,Eladio de Rojas,2851.18
127,136,992,2025-01-28T16:54:11,9,30.15,0.05,0.08,Cripto,Ceferino Company-Baquero,278.41
128,953,348,2025-07-15T20:27:24,8,74.64,0.1,0.13,Transferencia,Apolonia Medina Anguita,607.27
129,267,120,2025-01-14T00:07:49,6,31.64,0.04,0.18,Efectivo,Guillermo Falcón-Yuste,215.05
130,766,370,2025-01-01T04:22:49,7,148.63,0.26,0.14,Efectivo,Bonifacio Pedraza Cabello,877.69
131,530,321,2025-09-18T05:40:17,7,447.41,0.09,0.2,Transferencia,Édgar Acuña Morcillo,3420
132,570,874,2025-07-05T01:57:50,8,36.08,0.04,0.08,Tarjeta,Gregorio de Cortes,299.26
133,482,267,2025-07-20T17:27:44,3,355.92,0.13,0.2,Cripto,Cleto Mariño-Giralt,1114.74
134,42,453,2025-07-18T13:52:15,6,494.52,0.17,0.12,Tarjeta,Natividad del Amo,2758.23
135,867,738,2025-10-13T06:31:14,3,70.59,0.03,0.18,Transferencia,Leoncio Donaire Barco,242.39
136,855,173,2025-05-11T12:51:58,9,413.06,0.17,0.15,Transferencia,Pilar Izquierdo-Salom,3548.39
137,598,995,2024-11-01T16:14:09,1,267.75,0.17,0.11,Tarjeta,Artemio Arregui,246.68
138,253,787,2025-06-14T11:29:18,8,341.69,0.27,0.05,Tarjeta,Vidal Arnaiz-Alberto,2095.24
139,404,383,2025-08-04T03:49:34,10,465.28,0.03,0.1,Tarjeta,Javier Araujo-Vázquez,4964.54
140,84,472,2025-03-03T22:13:41,8,232.49,0.29,0.14,Tarjeta,Constanza Plaza Roldan,1505.42
141,338,994,2025-02-28T09:56:34,1,331.52,0.29,0.1,Transferencia,Sara Aguiló Bonilla,258.92
142,217,884,2025-09-13T20:43:53,1,402.76,0.08,0.17,Tarjeta,Joaquín Ballester Pozuelo,433.53
143,561,975,2025-03-19T17:40:56,10,196.88,0.12,0.08,Cripto,Pascual de Colom,1871.15
144,92,22,2025-04-22T15:14:18,4,89.84,0.23,0.09,Transferencia,Aitana Ferrán Santamaria,301.61
145,124,306,2025-04-29T12:43:37,8,402.54,0.22,0.19,Transferencia,Mamen Borja Bellido,2989.1
146,368,682,2025-09-05T14:48:42,2,417.71,0.15,0.12,Cripto,Yolanda Bermejo Meléndez,795.32
147,488,275,2024-11-15T14:14:33,10,304.17,0.03,0.11,Efectivo,Florencio Mancebo,3275
148,629,191,2024-12-19T09:25:32,7,319.04,0.03,0.13,Cripto,Bibiana Prada Dalmau,2447.9
149,693,230,2025-04-20T20:34:22,3,466.03,0.16,0.15,Tarjeta,Juana Barco Ojeda,1350.55
150,298,480,2025-04-09T22:35:04,7,48.8,0.24,0.1,Transferencia,Vicente Barral Cardona,285.58
151,701,925,2025-01-14T14:04:30,5,422.35,0.16,0.09,Tarjeta,Pepita Pino,1933.52
152,565,79,2025-05-29T10:13:07,1,261.57,0.15,0.11,Cripto,Íñigo Arrieta-Ríos,246.79
153,677,738,2025-05-31T08:54:20,10,408.28,0.11,0.14,Tarjeta,Encarnacion Dávila,4142.41
154,117,759,2025-03-19T03:00:17,8,97.98,0.05,0.11,Tarjeta,Marciano Ramos,826.56
155,427,898,2025-02-26T11:26:13,5,163.83,0.22,0.16,Cripto,Miguel Ángel Lozano-Cabrera,741.17
156,639,828,2025-10-08T07:19:10,5,177.25,0.28,0.17,Transferencia,Jesusa de Cantero,746.58
157,190,81,2025-05-05T18:19:10,10,137.07,0.2,0.12,Tarjeta,Martirio Dalmau,1228.15
158,6,405,2025-02-10T00:23:20,2,16.52,0.2,0.12,Cripto,Noa Barba,29.6
159,890,674,2024-12-01T00:53:45,10,365.7,0.09,0.17,Efectivo,Timoteo Toni Rius Tormo,3893.61
160,708,690,2025-09-16T15:48:56,7,404.27,0.03,0.07,Transferencia,Amando Frutos Campillo,2937.14
161,115,836,2024-12-30T11:37:21,1,351.06,0.06,0.05,Cripto,Tere Frutos-Chaves,346.5
162,665,149,2025-06-08T09:22:20,4,223.54,0.19,0.17,Transferencia,Josep Briones Ríos,847.4
163,89,309,2025-08-06T23:49:14,8,82.6,0.13,0.07,Transferencia,Valeria Castelló Mendizábal,615.14
164,757,720,2025-06-26T07:37:02,8,482.29,0.14,0.18,Transferencia,Rosa Ramirez-Vila,3915.42
165,207,302,2025-03-18T05:45:43,10,416.43,0.12,0.1,Tarjeta,Marisol Encarnita Pareja Llano,4031.04
166,646,868,2025-02-17T02:14:35,7,489.95,0.25,0.16,Efectivo,Armando Mayoral Durán,2983.8
167,38,500,2025-08-27T01:56:35,7,248.19,0.18,0.14,Cripto,Samu Rios Malo,1624.06
168,238,732,2025-05-09T14:04:03,1,268.87,0.13,0.1,Tarjeta,Rodolfo Águila Ramos,257.31
169,275,915,2025-04-25T14:24:26,7,445.68,0.04,0.14,Efectivo,Albert Ojeda Losa,3414.27
170,460,715,2025-10-14T07:31:36,7,20.2,0.09,0.08,Efectivo,Chuy Bernat Alemany,138.97
171,449,238,2025-05-20T14:10:58,9,117.65,0.27,0.1,Cripto,Lina Sarabia,850.26
172,135,905,2025-01-22T12:21:48,5,364.27,0.12,0.11,Efectivo,Juan José Chaves Rey,1779.09
173,816,484,2025-05-15T09:31:08,3,314.7,0.08,0.16,Cripto,Julie Fuster,1007.54
174,133,178,2025-08-01T03:09:32,4,86.59,0.15,0.17,Cripto,Daniel Esteban Cueto,344.46
175,311,241,2025-06-14T07:45:37,4,282.85,0.3,0.1,Efectivo,Blanca Alegre Barrios,871.18
176,366,694,2025-09-20T08:44:44,3,95.61,0.26,0.13,Tarjeta,Rolando Hernandez Manso,239.85
177,346,441,2025-07-24T22:16:00,2,312.61,0.04,0.08,Efectivo,Diana Bou Aguilera,648.23
178,349,804,2025-01-08T21:11:22,6,386.99,0.23,0.13,Transferencia,Ernesto Pina Gras,2020.32
179,874,707,2024-12-25T13:02:18,9,306.1,0.03,0.06,Cripto,Cesar Paredes-Rocha,2832.59
180,819,469,2025-09-18T02:53:16,2,487.58,0.23,0.14,Tarjeta,Belen del Lamas,856
181,844,576,2025-02-21T14:28:17,1,258.58,0.05,0.07,Transferencia,Juana Soria-Gras,262.85
182,933,371,2025-04-28T01:03:54,3,366.89,0.21,0.16,Cripto,Estela Isabel Baeza Mendizábal,1008.65
183,751,892,2025-05-03T08:36:56,2,85.6,0.11,0.17,Tarjeta,Clemente Peña Sanz,178.27
184,869,207,2025-09-09T05:10:56,8,485.12,0.23,0.05,Cripto,Anna Giralt Palacios,3137.76
185,350,294,2025-06-04T04:34:10,9,93.92,0.08,0.16,Cripto,Teodosio Moraleda,902.08
186,370,645,2025-02-01T06:54:16,4,84.29,0.23,0.11,Transferencia,Martina Márquez Ordóñez,288.17
187,142,822,2025-07-30T16:57:13,7,212.57,0.12,0.12,Efectivo,Anacleto Llabrés Maldonado,1466.56
188,967,31,2025-04-12T01:31:46,8,81.34,0,0.17,Tarjeta,María Ángeles de Suarez,761.34
189,87,347,2025-07-29T16:15:31,6,206.81,0.23,0.12,Cripto,Emiliana Amorós Morante,1070.12
190,778,38,2025-08-11T23:52:05,3,452.23,0.02,0.14,Efectivo,Chucho Xavier Santamaría Castañeda,1515.69
191,430,412,2025-08-12T10:54:14,9,438.04,0.22,0.1,Efectivo,Gema Goicoechea Mayol,3382.54
192,9,847,2025-09-20T18:29:27,5,451.1,0.18,0.07,Cripto,Águeda Casares,1978.98
193,457,660,2025-03-05T20:01:37,4,444.91,0.19,0.14,Cripto,Cayetano Leon Cantero,1643.32
194,715,354,2024-11-12T10:30:55,7,389.95,0.26,0.06,Efectivo,Lourdes Flavia Palau Cordero,2141.14
195,400,743,2024-11-19T11:57:30,3,265.03,0.16,0.08,Efectivo,Eutimio Galiano Chico,721.31
196,534,349,2024-11-25T11:26:14,3,21.48,0.27,0.13,Efectivo,María Peñalver Pedraza,53.16
197,248,853,2024-12-02T03:07:44,5,365.99,0.3,0.07,Tarjeta,Caridad Ágata López Jordán,1370.63
198,862,382,2024-12-01T10:45:55,5,317.22,0.11,0.06,Tarjeta,Calisto Becerra Tomé,1496.33
199,460,306,2025-08-30T21:15:49,10,371.06,0.14,0.2,Transferencia,Ignacia Alemán Padilla,3829.34
200,359,307,2025-06-07T17:41:59,5,336.79,0.24,0.14,Transferencia,Josué Domingo Mayoral,1458.97
201,732,387,2025-03-03T07:43:34,9,371.38,0.03,0.13,Transferencia,Anna Briones Font,3663.63
202,843,798,2025-01-10T10:39:38,6,232.61,0.04,0.11,Cripto,Maximino Luna Vigil,1487.22
203,84,95,2025-07-31T06:02:10,1,218.19,0.04,0.08,Tarjeta,Ximena Cifuentes Osorio,226.22
204,379,694,2025-10-20T09:36:06,9,207.35,0.17,0.17,Efectivo,Nacho Ribera Leon,1812.22
205,599,511,2025-08-06T17:58:50,7,498.29,0.21,0.19,Cripto,Rufino Chamorro Porras,3279.1
206,844,167,2025-06-29T03:32:58,3,257.84,0.15,0.12,Tarjeta,Maricruz Esteban,736.39
207,712,218,2025-07-24T20:29:38,8,241.94,0.22,0.19,Efectivo,Martirio Cerezo-Bueno,1796.55
208,944,975,2025-07-28T11:53:36,2,304.78,0.12,0.07,Efectivo,Reyes Roman Alvarado,573.96
209,42,536,2025-03-29T06:22:11,3,67.69,0.09,0.11,Efectivo,Severiano de Roman,205.12
210,498,29,2025-08-06T07:20:58,3,79.65,0.18,0.06,Efectivo,Jennifer Posada,207.7
211,911,291,2024-11-05T06:58:46,4,99.71,0.22,0.05,Efectivo,Rosendo Mariscal Valdés,326.65
212,70,892,2025-06-08T10:07:49,1,214.61,0.17,0.13,Efectivo,Coral Sans Pozuelo,201.28
213,801,387,2025-07-03T05:45:55,8,418.89,0.25,0.07,Transferencia,Tomasa del Téllez,2689.27
214,517,652,2025-02-23T04:23:26,8,383.22,0.2,0.07,Efectivo,Luis Valenciano Barros,2624.29
215,92,820,2025-02-18T10:44:42,10,335.61,0.12,0.08,Cripto,Luciana Morera,3189.64
216,348,554,2025-09-25T22:51:16,1,479.46,0.27,0.16,Tarjeta,Ramón del Rincón,406.01
217,887,170,2025-05-21T00:14:43,1,290.28,0.24,0.16,Tarjeta,Lucho Patiño Castillo,255.91
218,660,573,2025-02-28T03:58:16,2,104.29,0.19,0.14,Tarjeta,Martina Vaquero Gaya,192.6
219,981,584,2025-03-20T18:35:30,9,102.8,0.14,0.18,Tarjeta,Clementina Ballester Coca,938.89
220,675,959,2025-01-10T18:10:31,9,98.07,0.01,0.17,Transferencia,Cosme Jimenez Urrutia,1022.35
221,850,723,2025-09-28T12:27:20,10,227.67,0.24,0.14,Cripto,Jafet Blanca,1972.53
222,604,47,2025-10-26T00:34:17,8,432.37,0.01,0.12,Cripto,Armida Jaume Mínguez,3835.29
223,25,881,2025-10-19T22:10:00,9,165.52,0.08,0.07,Tarjeta,Tere Benavides Castilla,1466.44
224,555,173,2025-01-08T03:09:59,5,80.58,0.08,0.06,Efectivo,Edelmiro Valverde Tomé,392.91
225,976,418,2025-07-12T11:26:22,3,38.87,0.29,0.08,Tarjeta,Daniel Pinilla Menéndez,89.42
226,306,400,2025-03-29T11:47:22,2,166.82,0.12,0.1,Cripto,Montserrat Viña Saura,322.96
227,965,848,2024-12-12T02:48:33,2,35.42,0.07,0.14,Transferencia,Marc Ibarra,75.1
228,505,521,2025-02-11T21:38:16,9,198.67,0.03,0.06,Cripto,Fabricio Ortiz Roman,1838.45
229,567,417,2025-01-05T08:58:30,2,247.24,0.12,0.09,Tarjeta,Francisco Jose Dueñas,474.31
230,276,568,2025-01-31T02:43:01,10,340.8,0.07,0.13,Transferencia,Candelas Ibarra Fuente,3581.47
231,312,582,2024-11-15T08:52:43,7,228.53,0.25,0.13,Transferencia,Emelina Cordero Rey,1355.75
232,383,554,2025-10-08T18:50:15,3,393.19,0.16,0.11,Cripto,Toño Folch Cuevas,1099.83
233,43,2,2025-05-10T21:23:19,8,480.95,0.19,0.15,Transferencia,Victor Segura Ojeda,3584.04
234,1,62,2025-05-23T04:09:57,8,143.92,0.08,0.15,Efectivo,Gracia Pinilla Palacio,1218.14
235,863,648,2025-05-17T18:39:13,4,296.73,0.15,0.06,Tarjeta,Estela Acedo,1069.41
236,308,92,2025-02-10T05:05:13,7,352.23,0.25,0.16,Efectivo,Flor Farré Anaya,2145.08
237,900,443,2024-11-21T23:08:44,4,309.12,0.29,0.1,Efectivo,María Manuela Murcia Marquez,965.69
238,651,268,2025-06-29T08:28:40,8,143.78,0.2,0.1,Transferencia,Seve Duran Vall,1012.21
239,471,983,2025-05-18T15:03:41,10,170.94,0.27,0.07,Tarjeta,Zaida Bejarano Amo,1335.21
240,624,488,2025-04-29T19:51:26,1,451.71,0.2,0.11,Cripto,Mohamed Abellán,401.12
241,781,403,2024-11-03T19:38:19,9,49.76,0.26,0.15,Tarjeta,Eligia Mónica Ávila Cornejo,381.11
242,914,853,2025-02-01T09:11:26,8,339.4,0.11,0.17,Efectivo,Diana Meléndez-Cases,2827.34
243,397,182,2025-07-31T08:50:23,1,71.13,0.11,0.08,Tarjeta,Rolando Almagro Ureña,68.37
244,227,761,2024-12-28T05:56:36,1,381.63,0.2,0.16,Transferencia,Úrsula Bernad-Martín,354.15
245,93,836,2024-12-04T00:33:35,10,316.37,0.24,0.08,Cripto,Blanca Carpio Baeza,2596.76
246,991,372,2024-11-15T14:58:27,1,147.57,0.27,0.16,Transferencia,Gala Haro,124.96
247,8,201,2025-10-16T07:06:51,7,64.36,0.08,0.13,Transferencia,Aroa Carrera Samper,468.36
248,566,199,2025-05-21T05:14:44,10,339.37,0.18,0.08,Transferencia,Loreto Millán,3005.46
249,764,67,2025-05-27T22:51:05,3,137.22,0.17,0.08,Efectivo,Óscar Manjón Infante,369.01
250,197,869,2025-08-24T04:41:10,1,496.06,0.21,0.13,Efectivo,Caridad Ibañez Oliva,442.83
251,698,574,2025-08-27T23:22:02,8,10.96,0.13,0.15,Tarjeta,Quique Rosselló-Valenzuela,87.72
252,875,962,2024-12-31T05:03:51,6,221.95,0.3,0.09,Cripto,Aránzazu Adelina Mate Vilanova,1016.09
253,508,371,2025-01-01T10:27:46,9,381.92,0.27,0.08,Efectivo,Zaida Pla,2709.95
254,941,431,2025-04-12T05:18:16,9,229.94,0,0.08,Tarjeta,Lorenzo de Montenegro,2235.02
255,902,586,2025-06-17T02:43:26,1,495.23,0.07,0.15,Tarjeta,Miguel Ángel Venceslás Codina Valenciano,529.65
256,940,256,2025-07-31T20:53:04,4,90.6,0.09,0.14,Tarjeta,Selena Hernando Conde,375.95
257,29,492,2025-08-14T01:08:10,7,405.95,0.18,0.14,Efectivo,Liliana Guzman Nicolau,2656.37
258,861,257,2025-03-05T19:22:21,4,62.84,0.07,0.1,Tarjeta,Timoteo Sosimo Dávila Millán,257.14
259,842,342,2025-10-26T18:18:10,9,399.11,0.28,0.17,Cripto,Serafina Iñiguez Castilla,3025.89
260,783,98,2025-09-03T10:03:01,8,293.68,0.03,0.06,Tarjeta,Valentín Varela Teruel,2415.69
261,387,321,2025-02-06T13:39:46,2,393.5,0.02,0.17,Tarjeta,Candelas del Guzman,902.37
262,309,626,2025-08-25T05:46:20,7,42.24,0.2,0.13,Efectivo,Carlito Aguirre Mendoza,267.29
263,871,391,2025-04-29T09:02:57,7,56.96,0.23,0.08,Tarjeta,Herberto Sacristán Cano,331.58
264,465,394,2024-11-14T16:50:10,8,399.63,0.26,0.14,Efectivo,Aura Girón Sandoval,2697.02
265,667,961,2025-10-19T13:36:23,1,232.5,0.1,0.08,Tarjeta,Aitor Díez Marcos,225.99
266,13,610,2025-07-04T09:21:48,2,300.51,0.25,0.19,Transferencia,Marina Ayuso Espinosa,536.41
267,653,522,2025-07-07T08:44:54,5,184.14,0.14,0.14,Transferencia,Teo Espinosa Márquez,902.65
268,249,141,2025-07-27T05:12:29,1,39.64,0.09,0.12,Efectivo,René Jurado Salazar,40.4
269,319,598,2025-09-03T10:13:39,9,389.99,0.04,0.1,Efectivo,Soraya Inmaculada Moreno Ledesma,3706.46
270,299,378,2025-01-26T17:22:57,1,263.66,0.2,0.07,Transferencia,Paulino Alemany Carrasco,225.69
271,520,839,2025-10-17T11:31:53,9,430.76,0.13,0.08,Transferencia,Blanca Belmonte Falcón,3642.68
272,656,931,2024-11-28T21:45:42,4,394.78,0.1,0.15,Cripto,Ligia Pía Arranz Flores,1634.39
273,615,710,2025-02-10T12:15:05,6,427.48,0.17,0.1,Efectivo,Margarita Girona Jordán,2341.74
274,429,337,2024-11-22T23:18:35,3,61.38,0.26,0.19,Cripto,Amando Ciro Abril Galvez,162.15
275,225,943,2025-05-19T18:03:25,1,323,0.21,0.12,Transferencia,Nando Reyes Huguet,285.79
276,245,493,2025-02-01T04:41:22,6,405.56,0.11,0.11,Tarjeta,Julie Rozas Alberto,2403.92
277,372,11,2024-11-20T18:01:16,2,185.36,0.17,0.07,Cripto,Fidela Victoria Pedraza Casanova,329.24
278,200,647,2025-10-10T04:00:15,10,457.23,0.11,0.2,Transferencia,Agustina Esparza Calvo,4883.22
279,203,291,2025-10-08T05:38:08,3,117.28,0.08,0.08,Transferencia,Eric Girona Barrera,349.59
280,183,201,2024-12-03T18:23:01,1,96.28,0.08,0.07,Transferencia,Manuel Mayol Rocha,94.78
281,389,671,2025-03-04T15:04:28,2,175.81,0.06,0.12,Efectivo,Nicolás Quevedo Flores,370.19
282,829,382,2025-04-24T16:12:31,3,471.17,0.29,0.2,Cripto,Glauco Manzano Larrea,1204.31
283,900,729,2025-05-10T20:12:59,2,68.06,0.26,0.07,Transferencia,Narciso del Pineda,107.78
284,197,546,2025-01-18T02:50:58,7,350.23,0.1,0.11,Transferencia,Octavio de Moreno,2449.16
285,944,48,2024-10-29T11:44:13,10,297.79,0.26,0.09,Transferencia,Juanita Mata Cámara,2401.97
286,336,254,2025-02-11T05:54:24,1,318.43,0.08,0.07,Cripto,Ángeles Belén Abascal Domínguez,313.46
287,215,745,2025-01-14T04:48:00,2,394.49,0.24,0.14,Transferencia,Bautista del Bernad,683.57
288,521,398,2025-07-13T21:51:17,9,193.39,0.16,0.08,Efectivo,Nadia del Uriarte,1578.99
289,539,712,2025-10-12T01:54:23,8,360.67,0.15,0.09,Cripto,Álvaro Aurelio Nicolás Mendizábal,2673.29
290,654,944,2025-09-04T13:16:44,10,328.37,0.06,0.18,Cripto,Francisco Javier Caro Collado,3642.28
291,884,241,2025-06-09T12:44:07,7,117.11,0.13,0.11,Transferencia,Sara Jovita Peñalver Díez,791.65
292,958,863,2025-01-02T14:39:38,6,134.72,0.03,0.16,Efectivo,Eugenio Garay Tena,909.52
293,456,532,2025-10-18T21:02:01,6,122.79,0.01,0.13,Efectivo,Marcial Tejada Frutos,824.19
294,437,462,2025-03-04T17:55:16,8,221.93,0.11,0.12,Efectivo,Arturo Viana Montalbán,1769.76
295,392,26,2024-12-14T01:27:59,3,226.43,0.08,0.06,Tarjeta,Sabas Bosch Agustí,662.44
296,302,863,2025-09-10T07:05:11,9,261.27,0.19,0.17,Transferencia,Beatriz Cabo Tolosa,2228.45
297,101,122,2025-02-22T21:39:29,2,186.52,0.16,0.1,Efectivo,Lucio Llamas Asenjo,344.69
298,257,310,2025-05-30T09:47:54,5,103.41,0.18,0.07,Efectivo,Teodora Salvador Tenorio,453.66
299,9,789,2025-05-05T22:54:45,5,148.1,0.1,0.2,Cripto,Almudena Pi Roma,799.74
300,842,594,2025-04-26T03:37:09,1,241.28,0.15,0.16,Transferencia,Raquel Galan Viñas,237.9
301,887,408,2025-07-11T02:31:46,4,121.19,0.22,0.12,Cripto,Jerónimo Talavera Mur,423.49
302,740,834,2025-03-01T20:11:23,8,176.92,0.03,0.18,Cripto,Isidora Diana Corral Espejo,1620.02
303,789,965,2025-06-17T18:11:38,7,112.7,0.13,0.13,Efectivo,Fulgencio de Ayuso,775.57
304,143,592,2025-10-24T10:20:07,3,159.73,0.22,0.12,Efectivo,Fabiola Ayala Nogueira,418.62
305,348,231,2025-03-03T11:14:22,7,218.6,0.23,0.16,Efectivo,Estefanía Benavent Arias,1366.77
306,334,602,2024-12-06T11:25:02,1,288.11,0.01,0.07,Efectivo,Amaro Checa Ferreras,305.19
307,582,645,2025-07-13T13:50:16,10,457.74,0.17,0.11,Cripto,Juan José Lucena Ariño,4217.16
308,210,972,2025-10-09T17:03:50,7,41.22,0.12,0.12,Efectivo,Loreto Díaz Ferrero,284.39
309,584,986,2025-04-06T21:48:36,8,323.11,0.09,0.08,Transferencia,Nicolás Acuña Lamas,2540.42
310,33,847,2024-11-02T05:03:04,10,249.42,0.06,0.06,Cripto,Ramona Cid,2485.22
311,291,211,2025-09-10T06:28:25,4,152.64,0.16,0.12,Efectivo,Lucas de Castellanos,574.41
312,531,12,2025-10-01T09:18:15,3,170.12,0.27,0.11,Tarjeta,Francisco Jose Piñol Suarez,413.54
313,133,550,2025-02-08T12:49:08,7,244.34,0.02,0.19,Transferencia,Susana de Lladó,1994.65
314,134,892,2025-06-20T14:49:02,4,161.78,0.25,0.15,Transferencia,Celestino Vizcaíno,558.14
315,619,589,2025-07-20T16:44:22,5,297.87,0.15,0.15,Efectivo,Pepita Chaparro Sacristán,1455.84
316,207,8,2025-09-01T11:42:56,3,228.41,0.25,0.14,Transferencia,Adalberto Arnaiz Ripoll,585.87
317,539,337,2025-03-24T02:32:31,10,440.83,0.14,0.14,Tarjeta,Marisa Casado Jiménez,4321.9
318,295,662,2025-07-31T19:22:26,8,179.92,0.25,0.17,Cripto,Ruy Neira Almagro,1263.04
319,628,844,2025-06-02T20:58:56,3,213.38,0.05,0.14,Cripto,Iván Bayona Cordero,693.27
320,469,394,2025-04-19T19:23:04,3,352.28,0.03,0.15,Tarjeta,Paulino Angulo,1178.91
321,246,907,2025-08-10T21:07:34,3,144.15,0.19,0.09,Tarjeta,Amador Echevarría Piñol,381.81
322,715,744,2025-02-20T10:39:19,4,455.28,0.12,0.16,Tarjeta,Elodia Salinas Quintero,1859
323,378,79,2025-02-24T19:50:39,2,257.15,0.23,0.11,Transferencia,Lázaro Heras-Palomares,439.57
324,259,213,2025-07-01T23:56:15,9,31.87,0.01,0.15,Cripto,Aránzazu Nuñez Gordillo,326.56
325,391,352,2025-10-23T04:33:49,7,429.33,0.12,0.05,Tarjeta,Demetrio del Elías,2776.91
326,727,940,2025-05-12T01:54:18,3,170.28,0.22,0.12,Tarjeta,Socorro Mayol Vall,446.27
327,85,562,2025-01-18T19:00:13,4,359.65,0.13,0.12,Efectivo,Luna Salmerón Quirós,1401.77
328,862,166,2025-10-10T21:38:49,3,420.86,0.18,0.08,Tarjeta,Clara Barriga Cano,1118.14
329,548,760,2025-01-19T21:44:41,7,92.54,0.2,0.05,Efectivo,Jonatan Lerma Romero,544.14
330,158,452,2025-07-05T02:42:42,6,97.19,0.21,0.18,Transferencia,Severo Balaguer Ródenas,543.6
331,453,714,2024-12-31T09:58:19,1,419.89,0.24,0.15,Tarjeta,Rubén Albero Abril,366.98
332,400,707,2024-11-07T22:03:24,5,227.55,0.18,0.06,Cripto,Moisés Carballo Grande,988.93
333,786,207,2025-07-21T14:27:02,4,193.58,0.07,0.06,Cripto,Prudencio de Sanmiguel,763.32
334,29,15,2025-09-30T14:26:44,6,412.06,0.2,0.06,Tarjeta,Renato Garcés Tormo,2096.56
335,817,856,2025-03-29T21:10:08,3,364.77,0.01,0.13,Efectivo,Heliodoro de Sarabia,1224.2
336,331,576,2024-12-04T12:28:57,4,316.09,0.28,0.11,Cripto,Julieta Pereira Iborra,1010.48
337,124,238,2024-12-29T04:59:15,4,61.88,0.1,0.05,Efectivo,Eleuterio Rojas Alberdi,233.91
338,13,399,2025-06-01T11:04:37,4,234.8,0.02,0.17,Efectivo,Jordán Domingo Ibáñez,1076.89
339,45,69,2025-04-02T12:58:33,4,211.44,0.23,0.12,Tarjeta,Celso de Bustos,729.38
340,730,550,2025-09-13T06:02:27,10,94.01,0.29,0.14,Cripto,Eli Valderrama Osorio,760.92
341,695,947,2025-08-17T10:47:33,3,172.7,0.19,0.18,Efectivo,Estefanía Cabañas,495.2
342,872,683,2024-11-09T20:57:19,8,43.08,0.01,0.19,Cripto,Marc Pomares Valenciano,406.02
343,392,524,2025-04-14T21:31:56,4,256.68,0.21,0.05,Tarjeta,Sosimo Zamorano Zamora,851.66
344,632,778,2025-07-11T07:16:22,2,161.34,0.22,0.16,Tarjeta,Fabiola de Alegre,291.96
345,62,141,2024-12-12T04:31:38,6,254.38,0.06,0.11,Tarjeta,Amaro Acedo Rovira,1592.52
346,244,946,2025-01-05T12:30:20,10,494.39,0.13,0.18,Transferencia,Encarnacion de Tena,5075.41
347,285,326,2025-02-18T03:28:58,1,265.23,0.29,0.15,Efectivo,Isa del Huerta,216.56
348,769,25,2025-05-07T16:42:32,4,425,0.1,0.09,Tarjeta,Óscar de Carbajo,1667.7
349,929,940,2025-02-10T11:32:57,4,402.71,0.21,0.08,Cripto,Lalo Guzman Villena,1374.37
350,534,330,2025-02-17T07:15:41,3,226.76,0,0.18,Tarjeta,Aurelia Catalá Benet,802.73
351,977,198,2025-09-24T05:57:42,1,320.84,0.04,0.08,Tarjeta,Asdrubal Infante Tomas,332.65
352,178,607,2025-08-01T10:42:53,9,417.3,0.28,0.09,Tarjeta,Evangelina Prieto Villaverde,2947.47
353,437,743,2025-01-13T22:22:12,8,162.62,0.22,0.09,Transferencia,Salud Azahara Chacón Ferrándiz,1106.08
354,621,255,2025-05-05T19:22:32,5,149.82,0.13,0.15,Efectivo,Trini Pulido Pont,749.47
355,884,801,2025-05-05T04:51:54,8,49.21,0.29,0.11,Transferencia,Armida Malena Franco Sans,310.26
356,483,452,2024-11-09T18:20:21,7,257.59,0.22,0.16,Cripto,Odalys Girona Cortina,1631.47
357,21,781,2025-10-02T23:50:02,7,219.42,0.02,0.19,Efectivo,Juan Vilalta,1791.21
358,610,551,2025-03-17T04:13:40,3,280.9,0.05,0.11,Efectivo,Rufina Goicoechea Hernández,888.63
359,465,291,2025-05-15T03:29:28,7,285.45,0.14,0.1,Cripto,Marcia Zaida Pont Piña,1890.25
360,201,159,2025-10-16T21:12:32,4,12.05,0.26,0.16,Efectivo,Loreto Losa Cervantes,41.37
361,504,415,2025-02-28T11:38:37,7,470.74,0.29,0.11,Cripto,María Dolores Juliana Fabra Oller,2596.93
362,316,657,2025-07-19T22:31:42,10,44.9,0.27,0.2,Tarjeta,Lisandro Escribano-Villanueva,393.32
363,395,955,2025-10-21T02:22:18,10,89.56,0.23,0.19,Efectivo,Águeda Alvarado,820.64
364,522,727,2024-12-04T12:41:57,8,321.14,0.11,0.06,Cripto,Olegario Sastre-Huguet,2423.71
365,949,435,2025-03-23T06:14:15,4,128.75,0.01,0.17,Tarjeta,Guiomar Prats Ortuño,596.52
366,715,682,2024-12-10T02:21:12,3,138.05,0.14,0.15,Efectivo,Gabriel Saldaña Alcaraz,409.59
367,254,617,2025-01-11T11:44:46,10,476.37,0.25,0.05,Tarjeta,Evita del Piñeiro,3751.41
368,660,729,2025-01-26T12:11:51,7,204.86,0.18,0.19,Transferencia,Cándida Díaz-Fortuny,1399.32
369,898,434,2025-07-13T08:14:50,3,416.58,0.08,0.1,Cripto,Prudencia Sanz,1264.74
370,601,316,2025-09-07T08:13:17,7,378.71,0.28,0.18,Tarjeta,Ricarda Carballo Yáñez,2252.26
371,652,587,2025-01-02T05:12:09,6,408.97,0.08,0.08,Cripto,Leonel Agustí Giner,2438.12
372,716,316,2024-12-04T09:45:36,1,493.64,0.24,0.05,Tarjeta,José Luis Carretero-Alfonso,393.92
373,793,714,2025-09-27T19:26:30,7,267.23,0.2,0.16,Transferencia,Rosalina Diana Talavera Garrido,1735.93
374,181,384,2025-04-08T08:01:35,3,354.98,0.06,0.08,Tarjeta,Calisto Diego Pardo Doménech,1081.13
375,462,581,2025-07-07T23:18:07,4,100.96,0.02,0.08,Transferencia,Fito Diéguez Álvarez,427.42
376,266,924,2025-07-27T09:17:14,7,225.96,0.27,0.07,Transferencia,Juan Carlos Natanael Pujadas Plana,1235.48
377,82,301,2025-05-27T16:08:00,2,195.09,0.08,0.1,Transferencia,Eusebia Cerro,394.86
378,490,497,2025-07-10T10:15:37,2,14.66,0.08,0.19,Tarjeta,Rosario del Quesada,32.1
379,100,217,2025-02-07T00:10:11,9,397.98,0.11,0.13,Efectivo,Lucio Che Quintero Heras,3602.24
380,955,498,2025-02-04T16:37:48,8,380.89,0.18,0.1,Efectivo,Maricruz Gomila-Lumbreras,2748.5
381,323,837,2024-10-28T03:13:50,4,471.09,0.2,0.11,Tarjeta,Kike Cabello Dávila,1673.31
382,999,365,2024-12-05T08:44:06,6,405.07,0,0.18,Cripto,Teresa Cañas Martinez,2867.9
383,743,856,2025-09-23T22:14:49,3,22.58,0.04,0.13,Transferencia,Olalla del Diéguez,73.48
384,378,463,2025-08-23T01:17:53,10,346.23,0.26,0.13,Transferencia,Eric Benjamín Cases Iñiguez,2895.18
385,4,654,2025-04-22T21:54:51,6,18.15,0.11,0.06,Efectivo,Evita Expósito Saldaña,102.74
386,695,455,2025-03-25T21:13:35,4,307.31,0.12,0.14,Tarjeta,Sebastian Lozano Orozco,1233.17
387,357,439,2024-12-02T21:13:39,8,493.57,0.26,0.19,Cripto,Andrés Felipe Iriarte Goicoechea,3477.1
388,301,622,2025-06-10T16:21:06,4,358.85,0.26,0.18,Tarjeta,Imelda María Luisa Neira Manzano,1253.39
389,131,510,2025-02-27T03:37:57,2,157.66,0.2,0.13,Cripto,Lidia Pera Figueras,285.05
390,173,918,2025-01-29T06:53:16,8,477.98,0.14,0.13,Transferencia,Emilio Duran Cabello,3716.01
391,217,175,2025-07-18T06:55:38,2,61.68,0.3,0.05,Efectivo,Conrado Giménez-Ribas,90.67
392,925,393,2024-12-21T16:42:21,5,117.98,0.08,0.12,Tarjeta,Domitila Piña Carrión,607.83
393,682,140,2025-02-23T15:16:16,9,320.44,0.15,0.17,Efectivo,Marisa Lucas Pavón,2868.1
394,893,230,2025-09-22T18:18:45,10,385.51,0.18,0.15,Cripto,Eusebia Aguilera Paniagua,3635.36
395,933,735,2025-08-04T09:21:18,7,330.42,0.24,0.19,Cripto,Matilde Bautista Codina,2091.82
396,828,239,2025-04-03T12:24:51,4,136.96,0.09,0.07,Efectivo,Jordana Delgado Pavón,533.43
397,759,607,2024-12-18T06:47:05,4,374.86,0.03,0.11,Efectivo,Virgilio Almagro Alonso,1614.45
398,977,390,2025-01-01T16:34:29,10,371.09,0.09,0.14,Transferencia,Simón Mena Díaz,3849.69
399,868,398,2025-10-21T09:09:39,7,166.63,0.11,0.15,Transferencia,Loreto Díez-Soriano,1193.82
400,533,680,2025-08-05T05:41:59,10,299.48,0.03,0.05,Cripto,Valentina Otero Ayala,3050.2
401,324,149,2025-02-17T10:31:20,5,420.24,0.15,0.12,Efectivo,Guadalupe Miranda López,2000.34
402,150,765,2025-08-13T22:49:04,1,303.45,0.09,0.2,Tarjeta,Javier Jaén Alberola,331.37
403,281,869,2025-02-18T00:03:39,10,244.36,0.25,0.12,Cripto,Saturnina Piñeiro Saldaña,2052.62
404,61,830,2025-03-01T17:15:48,6,84.82,0.22,0.18,Transferencia,Sonia Malo Gual,468.41
405,718,754,2025-09-22T18:56:48,1,462.35,0.23,0.18,Cripto,Eligia Herrera Ortiz,420.09
406,307,835,2025-03-23T20:28:06,3,495.62,0.16,0.1,Cripto,Fidel Corral Mateu,1373.86
407,357,776,2025-04-10T02:37:57,7,201.62,0.16,0.09,Transferencia,Dionisio Castelló Arnal,1292.22
408,718,877,2024-11-04T16:30:27,9,202.95,0.04,0.16,Tarjeta,Valero Cañizares Chaves,2034.05
409,871,958,2025-01-29T09:33:12,5,234.19,0.05,0.07,Cripto,Norberto Patiño Vigil,1190.27
410,299,919,2025-03-06T19:47:57,3,112.79,0.24,0.08,Tarjeta,María Ángeles Diéguez Almansa,277.73
411,371,744,2025-07-01T00:26:54,10,59.95,0.24,0.18,Cripto,Galo Tur Farré,537.63
412,974,438,2025-01-19T11:53:09,3,463.73,0.03,0.2,Transferencia,Vito Sanabria-Juliá,1619.35
413,968,54,2025-04-30T14:35:15,2,490.34,0.2,0.14,Transferencia,Nerea del Domingo,894.38
414,643,740,2025-07-27T21:25:14,7,130.05,0.04,0.11,Efectivo,Florencio Cisneros Sanmartín,970.07
415,705,611,2024-11-15T16:52:17,3,329.87,0.11,0.15,Tarjeta,Lázaro Carranza,1012.87
416,797,475,2025-09-25T06:53:47,7,144.86,0.2,0.11,Tarjeta,Juliana Melero Perelló,900.45
417,120,85,2025-07-28T13:51:30,2,249.72,0.2,0.13,Tarjeta,Filomena Hervás Yáñez,451.49
418,601,587,2025-02-08T04:18:22,10,244.95,0.21,0.06,Transferencia,Fortunato Victoriano Blanes Piña,2051.21
419,394,496,2025-10-19T13:44:19,7,156.2,0.04,0.1,Transferencia,Encarna Ruano Gual,1154.63
420,416,833,2025-02-10T14:39:33,1,202.96,0.25,0.17,Cripto,Micaela Sotelo Acuña,178.1
421,66,532,2025-01-15T05:28:34,10,274.1,0.25,0.15,Transferencia,Ángela Tur-Cases,2364.11
422,989,675,2024-11-17T01:46:32,2,98.53,0.18,0.08,Cripto,Chema Rincón,174.52
423,820,322,2025-04-06T08:11:44,2,29.18,0.17,0.15,Tarjeta,Arcelia Julián,55.7
424,576,263,2025-09-11T11:30:52,1,51.46,0.04,0.09,Transferencia,Pelayo Segarra Garrido,53.85
425,434,968,2025-02-15T10:44:30,1,131.69,0.01,0.19,Efectivo,Tadeo de Barrera,155.14
426,675,547,2025-01-12T07:10:06,8,78.53,0.15,0.1,Efectivo,Damián Giralt Andrés,587.4
427,621,552,2025-08-05T22:38:06,9,112.82,0.03,0.17,Transferencia,Hernando Antonio Blasco Cantón,1152.35
428,38,193,2025-02-13T17:32:16,3,156.86,0.25,0.19,Transferencia,Hector Gracia Salvador,419.99
429,606,368,2025-03-03T18:26:53,5,72.96,0.19,0.06,Efectivo,Ambrosio Escolano Villanueva,313.22
430,267,391,2025-10-19T16:36:23,3,206.03,0.02,0.09,Cripto,Edu Vidal Bru,660.24
431,963,712,2025-07-01T23:13:44,3,272.59,0.02,0.16,Transferencia,Visitación Amparo Nicolau Cantón,929.64
432,732,382,2025-05-29T12:26:17,10,332.09,0.25,0.14,Cripto,Joel Infante Pera,2839.37
433,842,158,2024-12-07T18:30:52,6,496.3,0.13,0.05,Transferencia,Tito José Mari Palmer Rocha,2720.22
434,80,277,2025-04-17T10:50:31,2,270.42,0.21,0.11,Efectivo,Águeda Luque Vendrell,474.26
435,656,92,2025-05-04T23:13:01,6,455.53,0.23,0.07,Transferencia,Modesto Bravo Paredes,2251.87
436,281,11,2025-06-10T17:14:38,2,194.81,0.29,0.11,Tarjeta,Amílcar de Berrocal,307.06
437,802,948,2025-08-15T06:41:46,2,96.11,0.22,0.1,Cripto,Eric Salas Solano,164.92
438,98,542,2024-12-02T05:31:10,6,353.22,0.26,0.13,Tarjeta,Maribel de Ponce,1772.18
439,919,50,2025-02-21T18:07:47,3,165.82,0.23,0.08,Cripto,Eusebia de Solís,413.69
440,489,607,2025-08-27T13:51:24,3,136.94,0.21,0.16,Transferencia,Luz Puerta Enríquez,376.48
441,147,388,2025-02-28T21:11:47,10,370.36,0.02,0.16,Efectivo,Isaías Arnau Meléndez,4210.25
442,725,797,2025-10-01T14:13:52,4,342.33,0.13,0.12,Cripto,Chelo Arévalo-Tello,1334.27
443,363,818,2024-11-19T23:33:08,8,256.09,0.08,0.11,Transferencia,Paz Pineda-Alegre,2092.15
444,313,651,2025-08-19T10:31:31,2,474.25,0.12,0.1,Tarjeta,Pepita Ayllón Goicoechea,918.15
445,650,82,2025-08-17T18:58:55,2,367.68,0.28,0.07,Tarjeta,Sebastián Lastra Conde,566.52
446,87,762,2025-10-05T15:10:44,5,281.54,0.15,0.18,Cripto,Ariel Ureña,1411.92
447,694,521,2025-10-18T13:57:53,3,245.03,0.15,0.2,Tarjeta,Reina Marin Carreras,749.79
448,416,15,2024-12-18T18:47:03,10,103.19,0.25,0.05,Cripto,Quirino Camacho Baró,812.62
449,720,548,2025-04-02T21:54:29,6,129.67,0.22,0.19,Tarjeta,Joaquín Calleja Garcia,722.16
450,622,460,2025-09-08T11:29:02,3,340.52,0.26,0.13,Transferencia,Elba Manso Haro,854.23
451,180,77,2025-07-04T11:43:46,6,421.31,0.15,0.19,Cripto,Anabel Coll Gracia,2556.93
452,508,389,2025-03-01T20:14:24,3,192.91,0.03,0.19,Transferencia,Onofre Amador Torralba Sacristán,668.03
453,852,553,2025-05-13T18:54:58,2,152.13,0.14,0.09,Tarjeta,Florina Ramona Pol Villalonga,285.21
454,756,647,2025-01-11T19:04:30,10,202.87,0.28,0.19,Tarjeta,Manolo Benavides Aparicio,1738.19
455,958,475,2024-12-06T14:53:51,10,425.69,0.02,0.05,Cripto,Loida Chico,4380.35
456,337,306,2025-01-21T19:05:55,6,62.51,0.1,0.16,Cripto,Pepito Coloma Miguel,391.56
457,364,10,2025-07-31T03:30:56,2,221.09,0.06,0.13,Transferencia,Otilia Rivas Cortés,469.68
458,421,127,2025-08-28T02:09:09,8,13.39,0.23,0.09,Cripto,Aurora Gaya Ferreras,89.91
459,405,384,2025-01-18T17:23:14,5,188.6,0.27,0.13,Efectivo,Aroa España Farré,777.88
460,112,450,2025-02-14T04:12:04,8,89.3,0.11,0.12,Efectivo,Dalila del Rosselló,712.11
461,905,892,2024-11-22T23:31:55,4,64.23,0.09,0.07,Cripto,Roberta Martinez Gómez,250.16
462,762,340,2025-07-28T02:39:24,1,88.55,0.06,0.12,Efectivo,Vidal de Marcos,93.23
463,122,432,2025-05-05T14:05:07,8,279.56,0.24,0.16,Efectivo,Belen Agustín,1971.68
464,770,783,2024-11-10T07:20:43,7,255.91,0.28,0.18,Cripto,Modesto Roda Lucena,1521.95
465,135,113,2025-02-14T11:57:02,2,398.43,0.04,0.1,Tarjeta,Leandra de Mercader,841.48
466,786,701,2025-01-23T13:30:33,4,35.5,0.25,0.11,Tarjeta,Clementina Carrillo Estévez,118.22
467,445,492,2025-08-29T20:51:13,5,148.29,0.02,0.11,Transferencia,Lisandro Contreras Ríos,806.55
468,747,524,2025-07-16T20:48:32,3,132.24,0.23,0.18,Transferencia,Joaquina Torrent Gabaldón,360.46
469,683,841,2024-11-08T10:35:04,7,107.22,0.21,0.17,Transferencia,Azahara Etelvina Rodrigo Solano,693.72
470,194,876,2025-05-08T13:28:21,10,318.16,0.04,0.07,Cripto,Rosario Galvez Sala,3268.14
471,40,281,2025-05-29T13:41:23,4,465.26,0.13,0.14,Tarjeta,Damián Pacheco Palma,1845.78
472,886,53,2025-10-05T20:23:46,7,209.58,0.09,0.14,Transferencia,Brunilda Casares Hoyos,1521.93
473,228,345,2025-10-05T10:44:47,7,244.81,0.15,0.15,Efectivo,Ainara Gabaldón Ramis,1675.11
474,113,276,2025-01-22T08:01:00,6,147.47,0.11,0.11,Efectivo,Toribio Baltasar Suarez Duque,874.11
475,917,49,2025-09-12T21:23:21,3,30.04,0.02,0.16,Transferencia,Flavia Coello-Diez,102.45
476,293,484,2025-07-12T04:25:48,5,455.16,0.03,0.08,Cripto,Dora Zabaleta Téllez,2384.13
477,373,343,2025-08-14T01:42:15,5,64.65,0.2,0.15,Transferencia,Vicente Páez Dueñas,297.39
478,340,370,2025-02-27T13:29:43,6,374.04,0.18,0.14,Transferencia,Héctor Valbuena Galiano,2097.92
479,666,283,2025-03-09T06:39:44,4,296.32,0.03,0.07,Tarjeta,Fermín Valverde-Vizcaíno,1230.2
480,43,601,2025-05-17T18:54:30,4,104.53,0.13,0.06,Efectivo,Calixta Cardona-Hidalgo,385.59
481,309,743,2025-07-31T19:07:00,8,494.93,0.06,0.16,Tarjeta,Ignacia Bertrán Ferreras,4317.37
482,131,197,2025-10-20T01:20:35,7,279.74,0.08,0.18,Efectivo,Irma Fajardo Fonseca,2125.8
483,917,375,2024-11-09T04:21:06,8,318.63,0.04,0.12,Cripto,Lorenza Liliana Montes Rios,2740.73
484,430,537,2024-11-07T21:01:28,9,397.53,0.05,0.09,Transferencia,Dorita Osuna Cabezas,3704.78
485,297,47,2025-06-19T15:48:33,10,39.79,0.29,0.08,Cripto,Sigfrido Parra,305.11
486,507,702,2025-09-01T06:47:28,9,436.43,0.29,0.07,Cripto,Chita Carmona Rodriguez,2984
487,576,799,2025-09-28T01:56:08,7,206.42,0.08,0.08,Transferencia,Bernarda Arranz Figuerola,1435.69
488,586,224,2025-05-25T08:50:19,10,351.39,0.26,0.17,Cripto,Adelaida del Pablo,3042.33
489,516,725,2025-03-29T08:00:26,9,136.83,0.26,0.09,Efectivo,Amílcar Lino Lluch Ortega,993.3
490,566,122,2025-02-04T09:30:27,3,119.73,0.16,0.09,Transferencia,Ale Wálter Páez Pazos,328.87
491,965,905,2025-06-08T10:56:46,5,464.35,0.08,0.17,Transferencia,Aura Hernando Anaya,2499.13
492,844,216,2025-03-02T06:41:10,9,66.93,0.19,0.14,Efectivo,Adelaida Barral Silva,556.23
493,333,86,2025-06-30T00:31:22,9,139.38,0.04,0.18,Efectivo,Benita Fabiana Duran Esteve,1421.01
494,333,59,2025-06-20T06:56:22,1,413.73,0.07,0.19,Transferencia,José del Blasco,457.87
495,263,995,2025-05-21T16:03:57,1,273.32,0.29,0.17,Tarjeta,Ismael Jose Miguel Pujol Bayón,227.05
496,740,764,2025-04-24T01:21:01,7,473.37,0.08,0.14,Transferencia,Ricarda Menendez,3475.29
497,837,453,2024-12-21T05:14:36,4,168.89,0.06,0.14,Cripto,Abril Pelayo Saez,723.93
498,160,457,2025-05-06T15:56:57,4,367.61,0.13,0.07,Cripto,Gonzalo Pozo Robledo,1368.83
499,96,508,2024-11-07T08:13:25,3,235.1,0.24,0.08,Cripto,Juan Manuel Espada,578.91
500,966,747,2025-03-09T20:24:40,3,327.31,0.01,0.07,Transferencia,Cristina Corbacho Cerdán,1040.16
501,838,404,2025-05-09T23:28:27,10,102.05,0.04,0.11,Cripto,Natanael del Nicolau,1087.44
502,931,661,2025-10-24T03:14:46,7,59.11,0.16,0.16,Tarjeta,Emelina Alicia Avilés Benavides,403.18
503,618,103,2025-09-14T09:00:01,7,198.16,0.03,0.05,Tarjeta,Javier Serrano Marin,1412.78
504,136,255,2025-08-25T01:07:22,2,141.15,0.28,0.14,Tarjeta,Eusebio de Méndez,231.71
505,981,811,2025-10-15T14:13:13,2,275.76,0.25,0.18,Tarjeta,Samu Arranz Bernal,488.1
506,208,143,2025-09-17T05:16:18,8,382.24,0.27,0.17,Efectivo,Adelia Sáez Rocha,2611.77
507,340,491,2024-12-02T18:29:46,3,129.47,0.16,0.09,Tarjeta,Leocadia Jove Mena,355.63
508,22,845,2025-01-30T03:50:24,1,60.38,0.09,0.13,Cripto,Ana Donaire Cueto,62.09
509,146,2,2025-10-07T03:49:31,4,21.76,0.13,0.07,Efectivo,Leocadio Isaac Larrea Jurado,81.03
510,232,944,2025-07-18T11:48:07,7,346.52,0.21,0.19,Cripto,Carmelo de Almazán,2280.34
511,174,113,2025-09-17T02:00:50,4,59.85,0.29,0.1,Efectivo,Alonso Chaves Hervás,186.97
512,122,370,2025-10-04T19:07:12,2,448.84,0.18,0.08,Efectivo,Flora Acosta Palomares,794.99
513,615,186,2025-01-05T01:15:27,7,83.61,0.2,0.1,Efectivo,José María Báez-Barón,515.04
514,357,897,2025-09-15T06:31:55,2,142.84,0.15,0.11,Efectivo,Angelino Peña Sotelo,269.54
515,831,929,2024-12-09T02:26:10,2,396.54,0.26,0.2,Transferencia,Concha Jódar Arnal,704.26
516,328,152,2025-10-17T23:07:51,7,228.88,0.24,0.2,Tarjeta,Rufino Nevado Cal,1461.17
517,116,592,2025-05-04T21:11:47,7,480.2,0.08,0.06,Transferencia,Débora Pastora Valencia Costa,3278.04
518,187,786,2025-08-25T05:17:39,7,182.78,0.15,0.12,Cripto,Manu Viña Ocaña,1218.05
519,617,813,2025-06-23T09:52:45,6,77.73,0.28,0.19,Cripto,Clarisa Garrido Barbero,399.59
520,429,563,2025-03-30T09:23:36,8,273.99,0.15,0.13,Transferencia,Julie Guzman Ferrández,2105.34
521,394,86,2025-02-09T06:45:31,10,360.31,0.16,0.17,Transferencia,Socorro Bernal Trujillo,3541.13
522,720,90,2024-11-15T21:23:09,4,187.24,0.06,0.18,Efectivo,Álvaro Valbuena Bernal,830.75
523,572,486,2024-11-18T12:02:21,3,461.24,0.02,0.1,Transferencia,Encarna Narváez,1491.65
524,302,472,2025-04-15T13:17:59,3,419.27,0.17,0.19,Cripto,Lorenza Luisa Lamas Herrero,1242.34
525,249,216,2025-02-04T08:19:14,4,37.37,0.04,0.19,Transferencia,Adelina Franco Manjón,170.77
526,387,751,2024-12-23T00:20:40,1,351.1,0.13,0.06,Tarjeta,Bernardino Carbajo Solsona,323.78
527,679,596,2025-06-04T00:22:22,2,243.65,0.18,0.07,Transferencia,Blas Cornelio Ramón Bonet,427.56
528,375,145,2025-01-04T14:47:34,2,130.07,0,0.17,Cripto,Dan Corbacho Ochoa,304.36
529,154,784,2025-07-09T07:33:43,3,240.18,0.04,0.13,Efectivo,Dolores del Moraleda,781.64
530,482,422,2024-12-15T01:17:00,6,227.55,0.19,0.05,Tarjeta,Atilio Agullo Pla,1161.19
531,160,62,2025-01-30T23:17:49,1,306.05,0.05,0.07,Cripto,Agustina Torrents,311.1
532,853,434,2025-06-01T00:19:34,8,281.54,0.25,0.19,Efectivo,Nélida Abad Sancho,2010.2
533,727,233,2025-04-26T04:40:43,7,466.41,0.08,0.06,Cripto,Cruz de Ríos,3183.9
534,974,129,2025-06-08T20:29:03,4,206.2,0.02,0.11,Tarjeta,Evangelina del Solera,897.22
535,837,710,2025-01-10T21:42:13,8,243.93,0.2,0.11,Cripto,Juan José Alsina Sevillano,1732.88
536,169,56,2025-06-22T09:50:18,6,326.86,0.06,0.07,Tarjeta,Celestino Iglesia Armas,1972.53
537,372,618,2025-06-28T15:52:17,6,23.74,0.08,0.13,Tarjeta,Ámbar Egea Adán,148.08
538,217,612,2025-03-28T13:01:45,1,380.7,0.09,0.13,Tarjeta,Agustín Valenzuela Gabaldón,391.47
539,247,276,2024-12-11T18:59:17,2,488.56,0.17,0.13,Cripto,Carlota María Luisa Chamorro Mínguez,916.44
540,47,50,2024-11-04T00:13:53,6,55.67,0.09,0.2,Efectivo,Leandra Rocamora Ripoll,364.75
541,982,408,2024-11-30T09:48:31,9,105.49,0.23,0.16,Transferencia,Feliciana Barral,848.01
542,720,691,2025-09-12T17:58:42,2,172.35,0.27,0.13,Transferencia,Cayetano Pinto Rosell,284.34
543,25,602,2025-03-19T14:43:10,7,243.71,0.26,0.06,Transferencia,Carla Mariño Benavent,1338.16
544,156,699,2025-04-22T13:03:59,8,48.59,0.19,0.19,Transferencia,Marino Alcalá Fabra,374.69
545,906,221,2025-10-24T15:30:20,3,386.72,0.05,0.19,Efectivo,Mónica Guitart Zurita,1311.56
546,459,805,2025-08-09T04:13:07,3,176.12,0.11,0.18,Cripto,Clímaco Jurado Cañas,554.88
547,41,913,2024-11-25T01:06:56,7,127.16,0.3,0.14,Transferencia,Pepito Vallejo Barberá,710.32
548,581,643,2025-02-04T10:04:54,8,57.73,0,0.16,Efectivo,Marcos Bilbao Robledo,535.73
549,561,889,2025-06-08T03:49:49,2,254.47,0.14,0.08,Efectivo,Chus Casado,472.7
550,166,70,2025-05-24T17:18:47,5,292.49,0.11,0.06,Cripto,Luisina Villaverde Calatayud,1379.68
551,265,485,2025-06-26T22:25:53,5,383.94,0.13,0.19,Tarjeta,Armando Luque Bastida,1987.47
552,996,583,2025-05-03T22:00:01,8,29.4,0.26,0.11,Transferencia,Albano Santiago Cortés,193.19
553,452,376,2025-04-12T08:01:25,9,423.97,0.29,0.11,Cripto,Geraldo de Sacristán,3007.18
554,519,461,2025-04-10T08:22:05,5,439.93,0.3,0.06,Tarjeta,Amalia Ruiz Rico,1632.14
555,759,810,2025-08-24T13:59:47,4,352.88,0.17,0.07,Tarjeta,Fito Boada Vargas,1253.57
556,298,385,2024-11-13T10:17:11,3,289.37,0.26,0.08,Cripto,Jorge Bermudez Andreu,693.79
557,686,96,2025-01-10T03:04:34,6,238.28,0.19,0.19,Cripto,Benjamín Araujo Castrillo,1378.07
558,112,88,2025-06-15T20:36:57,3,368.57,0.28,0.19,Cripto,Ruben Vilalta Rosales,947.37
559,205,412,2025-05-15T07:51:22,6,41.59,0.1,0.14,Transferencia,Juanita Figuerola Barberá,256.03
560,720,760,2025-10-20T10:31:51,8,66.02,0.14,0.13,Cripto,Buenaventura Mascaró Aroca,513.27
561,150,656,2025-06-23T17:37:35,4,166.89,0.01,0.14,Cripto,Ignacio Salinas Escobar,753.41
562,64,959,2025-07-02T14:47:11,6,396.88,0.29,0.08,Transferencia,Perlita Mateu Sureda,1825.97
563,889,24,2024-12-14T22:24:48,7,142.23,0.19,0.06,Tarjeta,Tomás Codina-Sanmartín,854.83
564,281,415,2025-05-29T06:24:33,2,156.19,0.21,0.18,Transferencia,Nicanor Cases Luz,291.2
565,686,915,2025-01-23T12:20:02,5,100.2,0.02,0.18,Cripto,Violeta Sáenz Grau,579.36
566,351,987,2025-10-13T09:06:31,5,90.62,0.1,0.11,Cripto,Olga Carnero Barberá,452.65
567,549,706,2025-02-12T13:51:28,3,483.14,0.13,0.19,Cripto,Olegario Salinas Lloret,1500.58
568,843,11,2025-01-02T07:05:24,9,393.71,0.18,0.06,Transferencia,Silvio Abril Vilaplana,3079.91
569,332,681,2025-08-28T05:35:12,6,16.95,0.27,0.19,Cripto,Aurelio Cabeza Fuente,88.35
570,886,325,2024-11-18T10:34:55,2,398.09,0.2,0.09,Tarjeta,Paz Varela-Albero,694.27
571,462,966,2024-12-29T15:01:11,3,320.8,0.19,0.14,Tarjeta,Dora Sacristán Avilés,888.68
572,224,764,2025-09-30T11:44:59,4,215.89,0.16,0.07,Cripto,Emiliano Pareja Barral,776.17
573,222,357,2024-12-19T22:26:08,4,476.66,0.29,0.14,Tarjeta,Francisca Boada Benítez,1543.23
574,380,834,2024-12-30T20:49:08,6,17.93,0.27,0.13,Tarjeta,Lucio Calderón Gomila,88.74
575,717,512,2024-12-11T12:56:03,8,212.89,0.11,0.17,Cripto,Eutropio Espada Ramirez,1773.46
576,536,998,2025-02-07T02:32:08,6,65.56,0.05,0.11,Transferencia,Macario Somoza Morán,414.8
577,567,610,2025-01-02T21:05:54,3,275.95,0.11,0.18,Cripto,Edgardo Ortega Real,869.41
578,650,291,2025-09-22T11:24:31,10,469.57,0.27,0.06,Tarjeta,Anunciación Cañizares Carvajal,3633.53
579,826,858,2025-08-09T10:12:59,2,53.92,0,0.19,Tarjeta,Cintia María José Meléndez Ojeda,128.33
580,509,768,2025-05-26T16:09:27,10,464.34,0.03,0.12,Tarjeta,Manuela Hurtado Roselló,5044.59
581,684,297,2025-04-16T04:46:40,7,113.82,0.23,0.13,Tarjeta,Martín Merino Bayona,693.24
582,201,877,2024-12-27T14:00:04,8,475.77,0.11,0.17,Cripto,Magdalena Gallego Zapata,3963.35
583,423,930,2025-05-19T05:04:40,7,13.73,0.11,0.08,Efectivo,Marc Cifuentes Falcó,92.38
584,275,901,2025-03-22T09:36:12,5,160.62,0.27,0.19,Transferencia,María Del Carmen del Suarez,697.65
585,5,922,2025-09-26T05:04:59,7,26.01,0.01,0.17,Efectivo,Susanita Exposito Yuste,210.89
586,344,175,2024-10-29T00:44:05,10,496.49,0.07,0.2,Transferencia,Alonso de Roig,5540.83
587,632,660,2025-07-17T19:47:49,7,415.99,0.24,0.14,Transferencia,Cintia Isabel Alarcón Rojas,2522.9
588,962,652,2025-07-30T18:41:28,7,488.9,0.05,0.19,Transferencia,Emilio Galiano Bertrán,3868.91
589,448,237,2025-05-11T00:24:35,2,357.91,0.04,0.07,Cripto,Josefa Requena Villar,735.29
590,864,781,2025-06-25T12:16:26,5,420.3,0.05,0.1,Tarjeta,Jose Angel Macias-Calzada,2196.07
591,96,27,2024-11-02T21:19:36,7,15.65,0.23,0.07,Tarjeta,Salomón Sierra Rivero,90.26
592,586,392,2025-10-10T10:43:03,1,373.75,0.04,0.12,Efectivo,Amaya Yáñez Lastra,401.86
593,192,246,2024-11-05T11:28:48,4,155.49,0.16,0.09,Cripto,Pía Luisina Campillo Valero,569.47
594,789,267,2025-05-31T22:29:25,1,144.73,0.28,0.14,Tarjeta,Bernardita Anna Maldonado Benitez,118.79
595,114,471,2025-10-06T00:26:30,10,70.12,0.04,0.09,Transferencia,Bárbara Feliu Puga,733.74
596,96,80,2025-09-04T05:31:55,8,423.87,0.27,0.08,Tarjeta,Jesús Doménech Torres,2673.43
597,503,815,2025-06-29T17:52:46,1,212.74,0.15,0.14,Transferencia,Eligia Arrieta Benavent,206.15
598,704,430,2025-01-17T05:13:04,7,445.96,0.19,0.12,Transferencia,Baudelio Pi Clemente,2832.02
599,185,306,2025-07-16T04:27:42,1,452.78,0.2,0.14,Tarjeta,Nicanor Sanchez,412.94
600,121,1000,2025-04-16T18:34:20,6,496.93,0.15,0.14,Tarjeta,Lidia Arregui,2889.15
601,163,535,2025-05-13T20:24:44,5,464.03,0.06,0.05,Tarjeta,Florencio Moya-Moll,2289.99
602,531,525,2025-03-04T16:04:00,3,115.99,0.11,0.18,Tarjeta,Diana Arana,365.44
603,336,142,2024-11-30T04:50:03,4,50.89,0.21,0.07,Efectivo,Anselma Roura Narváez,172.07
604,494,205,2025-09-21T13:54:15,2,180.79,0.17,0.09,Cripto,Olalla Cepeda Santana,327.12
605,447,525,2024-12-31T23:24:00,7,461.95,0.08,0.08,Efectivo,Yéssica del Morera,3212.95
606,985,403,2025-06-29T12:53:42,2,295.99,0.23,0.1,Transferencia,Patricio Donaire Báez,501.41
607,977,740,2025-02-15T06:12:03,8,222.4,0.13,0.14,Efectivo,Bibiana Alarcón Sebastián,1764.61
608,836,327,2025-06-20T15:20:19,10,62.7,0.11,0.08,Efectivo,Begoña Diego,602.67
609,383,920,2025-05-02T16:01:22,2,230.21,0.27,0.19,Efectivo,Amado Urrutia Donoso,399.97
610,601,420,2025-10-21T11:59:37,5,305.9,0.26,0.19,Efectivo,Paco Maximiano Sales Araujo,1346.88
611,408,31,2025-09-30T05:03:28,2,98.15,0.1,0.17,Efectivo,Inocencio Blasco Bru,206.7
612,252,75,2024-11-10T09:43:29,4,331.91,0.11,0.17,Tarjeta,Samuel del Osorio,1382.47
613,10,327,2025-07-07T21:11:51,1,361.23,0.06,0.14,Efectivo,Diego Barba Solano,387.09
614,921,239,2025-07-30T19:25:39,9,42.46,0.09,0.08,Transferencia,Severino Arana Medina,375.57
615,106,575,2025-01-27T21:46:02,5,360.97,0.28,0.17,Tarjeta,Albano de Porras,1520.41
616,588,915,2025-09-18T16:08:50,7,344.24,0.13,0.17,Transferencia,Araceli Cózar Silva,2452.81
617,202,51,2025-04-01T14:26:19,8,254.34,0.3,0.11,Tarjeta,Margarita Pellicer Valls,1580.98
618,464,176,2024-12-12T03:55:00,10,170.17,0.11,0.14,Efectivo,Jordi Cerezo Rebollo,1726.54
619,19,660,2025-01-16T10:39:06,10,494.1,0.27,0.09,Cripto,Valerio Sebastián Romeu,3931.55
620,38,918,2025-03-24T20:23:50,9,459.84,0.01,0.15,Tarjeta,Luis Almansa Juárez,4711.75
621,482,98,2025-01-21T13:24:00,7,364.39,0.08,0.16,Cripto,Paloma Felicia Pizarro Pinilla,2722.14
622,82,570,2025-06-10T07:13:43,6,251.97,0.01,0.09,Cripto,Cesar Prieto Montes,1631.4
623,506,870,2025-04-07T23:11:53,2,423.11,0.28,0.07,Transferencia,María Carmen Pozo Lasa,651.93
624,49,846,2025-02-04T11:43:34,1,77.98,0.3,0.18,Cripto,Inmaculada Palomares Camino,64.41
625,232,175,2025-02-13T22:37:02,2,103.67,0.27,0.11,Tarjeta,Marco de Guzman,168.01
626,957,705,2025-08-18T18:58:03,1,137.25,0.24,0.07,Efectivo,Jose Luis Rios Cantero,111.61
627,77,271,2025-07-22T00:28:48,6,347.08,0.24,0.11,Transferencia,Delia Alberto Quero,1756.78
628,948,142,2025-02-24T00:08:03,10,235.74,0.04,0.18,Cripto,Josefa Infante Viana,2670.46
629,653,458,2025-07-11T08:46:05,2,265.66,0.07,0.12,Cripto,Marta Galán Riquelme,553.42
630,1000,288,2025-02-07T11:18:10,6,388.6,0.14,0.06,Efectivo,Pepita Briones Falcón,2125.49
631,729,85,2025-03-29T02:21:03,6,283.67,0.26,0.15,Transferencia,Diana Rocamora Guardia,1448.42
632,712,80,2024-11-23T23:27:29,2,486.16,0.02,0.05,Transferencia,Anastasia Goicoechea Ayllón,1000.52
633,480,839,2024-12-15T17:32:07,7,102.08,0.03,0.08,Efectivo,Viviana Pera Quiroga,748.57
634,779,968,2025-01-10T18:31:25,5,357.17,0.2,0.18,Tarjeta,Francisca Santamaría-Gómez,1685.84
635,937,134,2025-08-23T12:22:36,4,459.18,0.12,0.12,Transferencia,Lilia Feijoo Artigas,1810.27
636,799,410,2025-05-06T21:59:09,4,43.63,0.13,0.15,Tarjeta,Federico Humberto Marquez Marqués,174.61
637,151,473,2025-07-20T00:14:22,2,375.06,0.07,0.18,Transferencia,Esmeralda Porta Cifuentes,823.18
638,274,30,2025-08-25T19:09:20,8,334.32,0.14,0.09,Tarjeta,Leticia María Del Carmen Alba Peinado,2507.13
639,363,442,2025-03-02T19:20:43,4,83.8,0.15,0.13,Tarjeta,Clarisa del Iglesia,321.96
640,452,280,2025-08-18T18:12:43,6,57.93,0.19,0.16,Cripto,Lara del Palau,326.59
641,199,302,2025-06-08T11:59:53,4,207.32,0.18,0.13,Cripto,Rosalinda Maristela Angulo Franco,768.41
642,532,444,2025-10-20T12:56:06,2,343.77,0.19,0.19,Transferencia,Modesta Molina Romeu,662.72
643,118,55,2024-12-28T10:43:21,1,291.86,0.07,0.13,Efectivo,Víctor Coello Nebot,306.72
644,232,904,2024-11-10T21:19:48,10,352.76,0.12,0.11,Transferencia,Rosario Álvarez Roda,3445.76
645,752,844,2025-08-03T19:17:48,5,252.63,0.05,0.08,Efectivo,Julia Sanmiguel Rico,1295.99
646,723,611,2025-06-05T07:35:56,5,369.6,0.03,0.13,Cripto,Luciano Hermenegildo Figuerola Zamorano,2025.59
647,757,313,2024-12-30T10:17:27,4,93.41,0.2,0.07,Efectivo,Estela Muro Santamaria,319.84
648,922,467,2024-12-27T16:33:41,3,481.5,0.2,0.11,Tarjeta,Apolonia Áurea Bravo Carnero,1282.72
649,182,998,2025-06-17T18:22:57,5,441.82,0.05,0.16,Tarjeta,Bartolomé Soler Cuenca,2434.43
650,609,361,2025-09-05T21:58:31,8,295.75,0.15,0.09,Tarjeta,Victorino Gonzalez Flores,2192.1
651,47,839,2025-03-20T19:39:47,1,287.96,0.3,0.18,Transferencia,Severiano Manso Buendía,237.85
652,774,151,2024-12-22T02:10:27,2,59,0.24,0.1,Cripto,Yaiza Amo Villalba,98.65
653,753,360,2024-12-27T04:17:28,9,136.1,0.15,0.1,Tarjeta,Adrián Garrido Ávila,1145.28
654,848,362,2025-02-05T08:54:04,5,357.98,0.27,0.17,Cripto,Kike Angulo Girona,1528.75
655,116,277,2025-04-13T10:24:54,9,366.83,0.01,0.2,Transferencia,Gaspar Falcón Mayol,3922.15
656,676,146,2025-04-29T23:12:41,6,253.94,0.07,0.16,Cripto,Nydia Izquierdo,1643.7
657,369,212,2025-07-27T23:13:12,2,104.98,0.29,0.15,Efectivo,Amalia Ribes Mariño,171.43
658,899,642,2025-01-05T17:41:10,9,450.62,0.13,0.19,Transferencia,María Jesús Mena Luque,4198.74
659,272,933,2024-11-24T10:13:09,6,445.12,0.12,0.11,Efectivo,Quique del Landa,2608.76
660,317,196,2025-10-12T12:22:13,1,293.96,0.21,0.18,Tarjeta,Abril Cabo Cerdán,274.03
661,444,815,2024-12-25T08:24:20,8,287.66,0.24,0.1,Tarjeta,Evelia Morera Tirado,1923.87
662,993,9,2025-08-08T03:29:47,8,464.34,0.04,0.15,Efectivo,Gabriela Criado Montenegro,4101.05
663,639,572,2025-10-01T18:16:12,3,158.79,0.09,0.17,Tarjeta,Carina Juan Madrid,507.19
664,465,42,2025-01-17T18:19:53,4,148.68,0.18,0.06,Efectivo,Eligio Poza Garcés,516.93
665,6,441,2024-11-02T01:10:19,6,333.52,0,0.09,Efectivo,Ambrosio Anastasio Rozas Romero,2181.22
666,900,291,2025-02-10T07:00:17,9,336.01,0.23,0.07,Tarjeta,Valentina Pardo Pagès,2491.55
667,731,278,2025-05-16T03:59:08,3,498,0.06,0.14,Tarjeta,Jose Luis Calderon Noguera,1600.97
668,298,225,2025-01-23T04:13:27,1,241.86,0.11,0.17,Cripto,Paca Mónica Barrio Salvador,251.85
669,433,409,2025-06-25T03:13:04,2,447.59,0.28,0.14,Transferencia,Charo Gelabert,734.76
670,578,447,2025-03-19T22:59:43,6,404.15,0.04,0.17,Efectivo,Itziar Molins Alcolea,2723.65
671,139,427,2025-03-31T22:02:46,9,107.77,0.09,0.09,Cripto,Juana Villanueva,962.07
672,559,188,2025-09-24T12:52:24,7,393.38,0.25,0.06,Cripto,Berto Cornejo Pombo,2189.16
673,711,321,2025-01-23T22:50:05,9,468.09,0.21,0.12,Cripto,Lara Baeza Tomé,3727.49
674,478,431,2025-08-13T05:50:53,7,236.03,0.27,0.05,Cripto,Roque Garay Guzman,1266.42
675,91,774,2025-07-18T06:49:35,3,311.45,0.09,0.09,Efectivo,María Fernanda Alegria Girona,926.78
676,131,636,2025-07-31T06:36:29,9,450.96,0.26,0.06,Cripto,Rodrigo Vicens Salvador,3183.6
677,129,413,2025-03-22T06:24:06,1,236.78,0.23,0.13,Tarjeta,Edmundo Pavón,206.02
678,87,57,2025-08-01T12:27:49,5,416.65,0.19,0.1,Tarjeta,Román Ramón Anaya Falcón,1856.18
679,842,298,2025-05-02T18:25:52,10,245.92,0.1,0.06,Tarjeta,Martina Saura Romeu,2346.08
680,719,210,2025-07-08T15:50:22,9,80.63,0.22,0.12,Transferencia,Odalys Bas Armengol,633.95
681,917,692,2025-01-14T03:51:19,3,157.44,0.09,0.2,Tarjeta,Bartolomé Poza Rico,515.77
682,825,497,2025-01-28T16:15:19,10,347.01,0.03,0.05,Tarjeta,Ángel Morell Macias,3534.3
683,533,100,2024-11-05T23:15:12,4,110.1,0.14,0.17,Cripto,Anselmo Dominguez Feliu,443.13
684,401,57,2025-03-15T09:59:02,2,156.96,0.15,0.08,Transferencia,Noa Morata Calderón,288.18
685,862,869,2024-11-01T15:10:34,9,137.53,0.18,0.12,Tarjeta,Eugenio Almazán Castellanos,1136.77
686,443,150,2024-12-24T13:33:21,1,100.56,0.25,0.15,Transferencia,Primitivo Lledó-Malo,86.73
687,524,760,2025-02-08T18:41:39,9,108.17,0.14,0.09,Tarjeta,Ramón Zaragoza Tamayo,912.59
688,983,603,2025-01-27T18:43:05,8,190,0.08,0.11,Tarjeta,Imelda Gracia Burgos,1552.22
689,476,427,2025-02-20T21:02:30,7,82.6,0.09,0.07,Cripto,Miguela Flor-Carbajo,562.99
690,12,595,2025-05-14T19:55:37,5,26.7,0.2,0.15,Cripto,Rosaura Rosa Llamas,122.82
691,44,930,2025-10-04T15:19:42,6,481.77,0.14,0.16,Efectivo,Mauricio Paniagua Pina,2883.68
692,10,163,2025-08-10T01:26:09,6,255.31,0.26,0.08,Cripto,Domingo Almansa Alcaraz,1224.26
693,526,65,2025-04-08T02:04:18,3,331.4,0.11,0.16,Efectivo,Ángela Anglada Carpio,1026.41
694,471,733,2025-02-01T05:25:41,3,146.39,0.23,0.1,Cripto,Pili Villena Páez,371.98
695,70,939,2024-10-30T07:52:49,8,194.5,0.14,0.15,Efectivo,Bibiana Armas Corbacho,1538.88
696,133,715,2025-07-24T23:24:17,6,298.54,0.17,0.14,Cripto,Roxana Trujillo Cortés,1694.87
697,70,47,2025-02-09T14:52:10,1,427.5,0.05,0.06,Tarjeta,Otilia Alba,430.49
698,512,957,2025-10-15T10:34:57,8,168.59,0.07,0.17,Transferencia,Modesto Espejo García,1467.54
699,108,922,2024-12-25T07:22:30,3,366.8,0.12,0.2,Tarjeta,Andrés Felipe Guardia Espada,1162.02
700,64,627,2025-10-16T12:38:08,5,66.09,0.25,0.06,Efectivo,Paz Galindo Cañizares,262.71
701,622,647,2025-03-26T17:06:10,1,462.54,0.1,0.15,Cripto,Chelo Uría Hervia,478.73
702,137,653,2024-11-16T07:54:40,10,282.67,0.06,0.12,Efectivo,Aura Inmaculada Garay Querol,2975.95
703,231,207,2025-01-29T16:22:25,3,222.69,0.16,0.17,Tarjeta,Catalina Ricarda Noriega Lledó,656.58
704,597,25,2025-03-10T16:53:07,2,109.73,0.24,0.18,Efectivo,Amaya Domínguez,196.81
705,793,418,2024-12-17T09:26:39,10,277.82,0.02,0.08,Cripto,Celso Larrañaga-Bayo,2940.45
706,195,853,2025-04-20T13:48:04,4,289.48,0.14,0.1,Transferencia,Camilo Villalba Castell,1095.39
707,821,69,2024-12-21T10:07:28,8,219.48,0.11,0.06,Tarjeta,Inocencio Torrens Lago,1656.46
708,131,802,2025-01-16T05:15:10,9,156.13,0.04,0.08,Efectivo,Oriana Leal Tamarit,1456.88
709,24,230,2025-08-28T03:03:50,5,461.91,0.08,0.16,Tarjeta,Carmela Talavera Bayo,2464.75
710,894,893,2025-04-06T17:27:01,3,484.38,0.02,0.14,Efectivo,Josep Saavedra Luís,1623.45
711,409,634,2024-11-26T12:24:01,1,277.51,0.27,0.14,Efectivo,Pedro Bilbao Izquierdo,230.94
712,669,31,2025-06-30T11:52:39,1,175.64,0.08,0.1,Tarjeta,Asdrubal Cañellas-Perelló,177.75
713,143,210,2024-12-16T21:48:59,9,410.21,0.1,0.16,Tarjeta,Eugenia de Padilla,3854.33
714,242,506,2025-07-15T22:14:31,2,404.77,0.17,0.14,Tarjeta,Eulalia Salvador-España,765.99
715,355,73,2025-02-24T11:05:50,7,303.09,0.18,0.06,Cripto,Magdalena Gutiérrez Bermúdez,1844.12
716,970,133,2025-06-23T10:54:07,5,364.43,0.03,0.12,Transferencia,Samuel Torrent Conesa,1979.58
717,666,359,2025-03-19T00:52:08,7,244.02,0.23,0.18,Transferencia,Herminio Fernández Nogués,1552.02
718,22,954,2025-07-14T21:31:33,1,22.91,0.23,0.08,Cripto,Teófilo Zaragoza Miralles,19.05
719,699,701,2025-09-20T00:17:25,1,280.72,0.02,0.16,Transferencia,Fátima Cuesta Valls,319.12
720,441,719,2025-02-05T20:35:45,7,279.28,0.03,0.07,Efectivo,Heliodoro Dueñas Cuevas,2029.05
721,361,199,2025-09-20T07:17:38,6,223.9,0.02,0.08,Tarjeta,María Fernanda Domínguez Moll,1421.85
722,233,423,2025-04-05T00:29:41,9,288.34,0.3,0.05,Transferencia,Sofía del Marí,1907.37
723,833,59,2025-08-14T06:30:41,2,37.76,0.13,0.09,Efectivo,Maxi Reig Miranda,71.62
724,359,617,2025-06-15T00:06:21,4,499.06,0.04,0.11,Tarjeta,Reyes Bernardino Coca Cabezas,2127.19
725,673,79,2025-02-09T17:21:11,2,132.6,0.16,0.12,Efectivo,Loreto Santamaria Arranz,249.5
726,920,938,2025-01-30T13:14:00,4,227.34,0.09,0.11,Efectivo,Mario Leon Tomás,918.54
727,890,670,2024-12-21T15:11:20,4,268.15,0.08,0.15,Tarjeta,Valeria Mónica Quirós Valera,1134.81
728,56,355,2024-12-28T05:37:46,7,355.7,0.19,0.09,Transferencia,Reina Garzón-Pastor,2198.33
729,934,141,2025-04-21T02:39:30,9,122.96,0.22,0.08,Efectivo,Paca Carbonell-Salom,932.23
730,743,836,2025-02-08T06:19:55,3,27.58,0.07,0.12,Cripto,Gaspar Méndez Priego,86.18
731,976,117,2025-02-11T09:40:06,1,254.46,0.01,0.09,Cripto,Toribio Emigdio Caro Mas,274.59
732,308,848,2025-07-23T23:05:11,2,39.26,0.26,0.11,Tarjeta,Fernando Falcón Gimeno,64.5
733,884,392,2025-03-09T18:41:40,7,227.57,0.07,0.11,Cripto,Aurelia Estela Ródenas Múgica,1644.44
734,546,54,2024-11-28T12:13:04,5,25.34,0.23,0.19,Efectivo,Néstor Canet Juan,116.1
735,945,849,2024-11-10T13:04:24,5,407.02,0.18,0.16,Efectivo,María Vizcaíno Palau,1935.79
736,744,850,2025-01-02T10:11:32,10,222.7,0.13,0.16,Tarjeta,Esmeralda Marin Contreras,2247.49
737,827,112,2025-02-27T11:48:21,9,200.17,0.22,0.15,Cripto,Fernando Hervás Jaén,1615.97
738,435,587,2025-07-10T01:52:10,10,386.82,0.08,0.19,Cripto,Yésica Viana Cerdá,4234.91
739,764,947,2025-05-22T12:25:53,4,74.62,0,0.17,Efectivo,Loreto Blasco,349.22
740,88,256,2025-08-11T16:04:34,9,154.95,0.17,0.06,Efectivo,Remigio Barba,1226.93
741,371,276,2025-07-17T19:58:42,5,393.39,0.24,0.14,Tarjeta,Baltasar Samu Saura Jerez,1704.17
742,315,583,2025-04-20T06:47:29,6,419.64,0.25,0.12,Tarjeta,Domitila Rufina Dávila Tejada,2114.99
743,451,10,2025-05-23T15:12:11,8,28.13,0.11,0.15,Transferencia,Agapito Albano Cañellas Zabaleta,230.33
744,419,60,2025-03-26T20:09:27,10,470.03,0.08,0.14,Efectivo,Filomena Mármol Nieto,4929.67
745,977,66,2025-06-04T17:17:20,8,98.1,0.23,0.09,Cripto,Eli Vargas Villanueva,658.68
746,131,233,2025-07-11T20:28:02,3,81.98,0.19,0.06,Tarjeta,Carlito Pellicer,211.16
747,671,40,2025-09-23T22:55:01,3,345.38,0.26,0.14,Tarjeta,Pelayo Cáceres Madrid,874.09
748,567,735,2025-06-30T16:22:13,4,39.8,0.21,0.09,Efectivo,Herminio Toni Agustí Lastra,137.09
749,17,695,2025-01-30T07:50:06,6,274.82,0.01,0.09,Tarjeta,Clotilde Tirado Pavón,1779.35
750,80,520,2025-05-06T00:42:12,8,65.46,0.02,0.08,Efectivo,Maxi Mayol,554.26
751,850,843,2024-12-19T23:42:01,7,44.98,0.13,0.09,Tarjeta,Gonzalo Pablo Manzanares,298.58
752,335,622,2025-09-24T08:22:45,6,174.14,0.12,0.15,Cripto,Visitación de Alemán,1057.38
753,966,997,2025-10-04T02:33:31,5,314.74,0.05,0.06,Transferencia,Lorena Carreras Nicolau,1584.72
754,934,606,2025-06-08T01:29:58,1,62.05,0.06,0.1,Efectivo,Juan René Torrecilla Torrecilla,64.16
755,963,221,2025-02-21T14:05:39,7,417.06,0.01,0.16,Cripto,Jordana de Tomás,3352.66
756,781,665,2024-11-22T07:38:47,2,478.04,0.29,0.2,Cripto,Elba Murillo Arnal,814.58
757,552,751,2025-05-23T20:53:47,2,425.32,0.16,0.06,Cripto,Alicia Palomo Bauzà,757.41
758,676,538,2025-04-06T02:12:51,9,226.1,0.08,0.18,Efectivo,Claudia Benitez-Blanes,2209.09
759,933,250,2025-07-04T09:56:28,6,129.11,0.23,0.1,Cripto,Dani Nacho Villalonga Acevedo,656.14
760,323,767,2025-01-11T08:20:13,2,349.61,0.13,0.19,Cripto,Juan Antonio Barberá-Vives,723.9
761,371,82,2025-06-25T07:00:00,6,284.62,0.02,0.1,Cripto,Magdalena Peiró Contreras,1840.92
762,620,236,2025-08-09T17:14:32,8,395.29,0.07,0.17,Transferencia,Xavier Arellano Sancho,3440.92
763,948,551,2024-11-02T06:26:08,4,390.46,0.12,0.14,Transferencia,Leocadio Lastra-Baños,1566.84
764,621,267,2025-03-27T02:29:20,5,177.37,0.04,0.11,Transferencia,Crescencia de Falcón,945.03
765,590,507,2024-11-07T23:29:26,4,450.94,0.26,0.05,Tarjeta,Plinio Azorin,1401.52
766,429,270,2025-07-21T22:57:06,9,358.58,0.14,0.07,Tarjeta,Máxima Ruano Codina,2969.69
767,854,442,2024-11-08T10:26:59,1,348.12,0.3,0.07,Cripto,Adora Nydia Bonilla Burgos,260.74
768,926,433,2024-12-13T12:44:27,6,72.45,0.21,0.09,Efectivo,Reina Robledo Pinilla,374.32
769,122,345,2024-11-02T19:20:25,6,299.82,0.18,0.2,Tarjeta,Epifanio Solera-Ibañez,1770.14
770,76,757,2025-05-04T13:52:16,6,475.46,0.27,0.14,Cripto,Florinda Olivé Rodríguez,2374.07
771,297,776,2025-03-07T16:37:31,8,353.06,0.22,0.16,Tarjeta,Toribio Páez Boada,2555.59
772,156,918,2025-03-23T14:08:53,1,300.84,0.11,0.15,Cripto,María Teresa Torrecilla,307.91
773,329,450,2025-02-04T02:13:15,3,259.25,0.18,0.19,Tarjeta,Celia Torrents Francisco,758.93
774,238,305,2025-02-02T15:32:14,8,177.15,0.17,0.18,Cripto,Juana Trillo-Perales,1388.01
775,293,331,2025-04-14T13:07:15,7,166.1,0.05,0.07,Transferencia,Juanito Ramos Malo,1181.88
776,441,532,2025-07-09T16:24:38,5,291.82,0.18,0.06,Efectivo,Marisela Cerezo,1268.25
777,170,122,2025-08-05T08:38:08,5,144.19,0.13,0.18,Efectivo,Trini Vallés-Casares,740.13
778,962,940,2024-12-28T22:43:30,5,494.51,0.23,0.19,Efectivo,Lucio Egea Prado,2265.6
779,145,99,2025-07-20T21:17:42,4,280.56,0.15,0.08,Tarjeta,Pío del Morales,1030.22
780,983,913,2024-12-16T16:18:36,9,273.58,0.06,0.12,Tarjeta,Genoveva Capdevila Cervera,2592.23
781,379,209,2025-06-06T05:58:47,5,471.48,0.17,0.16,Transferencia,Olegario Evaristo Girón Baeza,2269.7
782,851,465,2025-06-25T23:12:25,5,459.82,0.21,0.19,Tarjeta,Gil Salgado Reyes,2161.38
783,456,911,2024-12-28T19:35:12,7,251.7,0.03,0.07,Efectivo,Teodoro Viana Moles,1828.68
784,750,685,2025-09-23T12:48:33,2,484.54,0.24,0.16,Transferencia,Amador Salamanca,854.34
785,745,77,2025-08-21T13:50:35,6,86.8,0.1,0.12,Tarjeta,Anacleto Cerdá Pacheco,524.97
786,724,705,2025-10-12T22:34:04,6,447.21,0.01,0.07,Efectivo,Nicanor Seco-Larrea,2842.38
787,195,862,2025-04-16T21:31:50,9,333.95,0.26,0.06,Tarjeta,Rosendo Lisandro Jaén Pelayo,2357.55
788,252,141,2025-10-03T12:00:36,10,194.34,0.28,0.15,Efectivo,Chita Guitart Montero,1609.14
789,482,156,2025-05-20T05:13:48,8,408.8,0.22,0.09,Transferencia,Luis Miguel del Poza,2780.49
790,651,897,2025-10-23T14:19:23,2,475.91,0.26,0.16,Tarjeta,Bartolomé Beltrán Montesinos,817.04
791,445,69,2025-05-04T17:32:17,8,283.29,0.06,0.08,Cripto,Morena Angulo Rodriguez,2300.77
792,705,270,2024-12-12T22:13:49,10,196.34,0.18,0.15,Cripto,Édgar Catalán Blanes,1851.49
793,544,673,2025-06-17T21:04:42,3,440.17,0.25,0.18,Cripto,María Ángeles Tatiana Somoza Sales,1168.65
794,502,816,2025-10-19T18:12:21,7,302.94,0.16,0.09,Transferencia,María Manuela de Blanca,1941.6
795,116,987,2025-04-12T08:59:08,5,215.6,0.13,0.09,Cripto,Carmina de Fuentes,1022.27
796,119,181,2025-01-18T21:13:13,8,478.59,0.2,0.1,Cripto,Primitiva Salinas Velázquez,3369.27
797,722,132,2025-03-25T04:44:02,8,421.66,0.26,0.14,Transferencia,Flora Luna Carnero Jaume,2845.7
798,30,298,2025-10-13T03:46:26,5,258.67,0.27,0.17,Tarjeta,Celestina Sabater,1104.65
799,576,791,2025-04-01T14:10:26,6,138.19,0.1,0.11,Cripto,Rodolfo Galvez Vizcaíno,828.31
800,436,409,2025-06-18T11:20:20,5,457.06,0.08,0.16,Efectivo,Tomasa Martín Almagro,2438.87
801,652,839,2025-07-03T02:25:29,1,161.17,0.12,0.14,Transferencia,Xavier Martin Tejedor,161.69
802,549,212,2025-09-25T06:18:34,2,474.46,0.18,0.1,Tarjeta,Priscila Benavente Quiroga,855.93
803,974,740,2025-08-10T00:50:11,1,403.18,0.03,0.16,Efectivo,Lara Farré Peláez,453.66
804,786,785,2025-03-16T22:29:08,9,41.1,0.01,0.08,Transferencia,Carmina Guardiola-Sevillano,395.5
805,161,859,2025-06-14T02:04:57,9,203.81,0.22,0.09,Transferencia,Pepe Rosario Calderón Avilés,1559.51
806,933,383,2025-07-07T12:36:48,6,212.56,0.17,0.09,Tarjeta,Apolinar Escrivá Cervera,1153.82
807,37,866,2025-04-05T10:38:42,1,380.01,0.16,0.13,Cripto,Rosario Soriano Ribas,360.71
808,44,161,2024-11-02T18:25:33,5,157.72,0.07,0.17,Transferencia,Fito Sanmiguel Soriano,858.08
809,35,279,2025-04-21T06:47:19,2,408.37,0.11,0.11,Efectivo,Salomón del Sanmiguel,806.86
810,883,87,2025-01-27T03:32:46,2,46.21,0.22,0.16,Cripto,Paula Jáuregui Mir,83.62
811,21,16,2025-05-30T10:44:03,9,306.39,0.05,0.16,Cripto,Bruno Teodosio Vicente Calzada,3038.78
812,199,852,2025-03-06T22:11:04,10,431.06,0.24,0.11,Tarjeta,Nazaret Arranz-Gelabert,3636.42
813,310,281,2025-04-28T03:55:19,8,109.31,0.08,0.15,Cripto,Rafa Cañete Enríquez,925.2
814,386,299,2025-04-29T08:03:06,7,55.6,0.29,0.13,Cripto,Maura del Lillo,312.26
815,292,930,2025-03-28T00:27:05,9,258.23,0.11,0.2,Cripto,Oriana Martí Palau,2482.11
816,975,382,2025-07-26T10:12:42,9,360.14,0.14,0.14,Tarjeta,Rico Pinedo,3177.73
817,407,790,2025-04-13T18:01:25,4,229.07,0.14,0.07,Efectivo,Constanza Sobrino Cabeza,843.16
818,341,148,2025-01-03T20:56:02,2,56.74,0.05,0.18,Cripto,Eric Pablo Cabanillas Serna,127.21
819,608,256,2025-06-15T20:29:54,2,79.25,0.18,0.12,Transferencia,Catalina Galvez,145.57
820,61,786,2025-09-03T13:38:58,8,133.49,0.09,0.1,Transferencia,Lola Sanabria Boada,1068.99
821,38,330,2025-03-29T00:34:08,10,303.38,0.26,0.09,Transferencia,Jaime Palau Calleja,2447.06
822,774,576,2025-06-15T20:29:40,8,277.34,0.09,0.15,Efectivo,Óscar Moles Lopez,2321.89
823,473,726,2025-03-30T21:16:50,8,262.07,0.26,0.2,Tarjeta,Leticia Checa-Viña,1861.75
824,944,108,2025-09-03T20:51:34,7,352.64,0.11,0.16,Transferencia,Eric Font Beltrán,2548.46
825,533,767,2025-02-02T20:56:01,2,91.44,0.13,0.2,Tarjeta,Evangelina Alcalá Ros,190.93
826,907,435,2025-02-01T09:11:03,8,93.65,0.24,0.12,Cripto,Hipólito Morata Montoya,637.72
827,409,10,2025-04-09T07:56:37,5,67.62,0.3,0.16,Efectivo,Cecilio Hermenegildo Pedrero Barceló,274.54
828,536,331,2025-06-02T12:17:59,10,445.88,0.17,0.07,Efectivo,Emilio Adán Mesa,3959.86
829,536,702,2025-07-14T00:13:32,4,403.38,0.29,0.11,Efectivo,Andrea Sala-Casas,1271.62
830,484,474,2025-10-15T02:49:14,4,468.74,0.28,0.16,Transferencia,Diego Botella-Castilla,1565.97
831,169,537,2025-04-16T02:57:18,8,14.81,0.12,0.07,Tarjeta,Lina Adán Lastra,111.56
832,6,320,2025-04-25T23:49:40,4,107.64,0.03,0.12,Tarjeta,María Pilar de Trujillo,467.76
833,63,640,2025-07-26T14:43:23,8,301.28,0.02,0.15,Transferencia,Ernesto Ávila Soto,2716.34
834,354,644,2025-06-04T19:58:05,1,464.66,0.08,0.17,Cripto,Sebastián Gonzalo,500.16
835,599,747,2025-07-02T14:26:11,5,189.96,0.23,0.19,Transferencia,Pancho Posada-Girón,870.3
836,80,607,2025-03-07T02:09:58,3,60.46,0.06,0.08,Tarjeta,Valeria Tecla Recio Baeza,184.14
837,130,817,2024-12-21T00:19:49,9,297.79,0.23,0.1,Efectivo,Carlos Navarro Barceló,2270.05
838,990,827,2025-06-24T13:43:21,10,337.56,0.14,0.08,Transferencia,Paulina del Puig,3135.26
839,222,94,2025-08-27T09:15:23,10,81.78,0.05,0.18,Efectivo,Pepito del Sevilla,916.75
840,80,918,2025-01-07T03:16:18,1,77.12,0.24,0.11,Cripto,Pánfilo Priego Ribas,65.06
841,335,310,2025-03-08T05:36:48,9,382.4,0.07,0.11,Cripto,Eutropio Adadia Báez,3552.76
842,724,486,2025-10-15T08:18:54,6,162.76,0.16,0.13,Transferencia,Constanza Escalona-Carbonell,926.95
843,979,171,2025-01-16T21:19:10,5,358.56,0.25,0.13,Cripto,Modesto Llorente,1519.4
844,712,808,2024-11-05T22:12:10,5,345.83,0.17,0.12,Efectivo,Itziar Briones-Cerdán,1607.42
845,183,26,2025-05-15T02:10:47,6,429.13,0.23,0.1,Cripto,Nilo Martinez-Duque,2180.84
846,219,632,2024-12-04T05:59:19,9,439.38,0.28,0.08,Efectivo,Delfina Vilalta Tolosa,3074.96
847,184,956,2025-03-20T23:03:37,1,105.96,0.11,0.08,Efectivo,Virginia Machado-Corominas,101.85
848,337,97,2025-04-14T06:55:17,6,458.75,0.15,0.05,Efectivo,Cristian Valera Cabeza,2456.61
849,35,663,2025-04-24T03:44:15,5,324.42,0.12,0.2,Efectivo,Gerardo Palau-Pavón,1712.94
850,281,641,2025-04-20T23:10:16,1,485.86,0.25,0.18,Cripto,Julie Carreras Martínez,429.99
851,623,648,2024-12-16T01:41:56,8,250.25,0.14,0.18,Tarjeta,Anselma de Blasco,2031.63
852,40,379,2025-09-13T16:24:06,1,310.33,0.21,0.16,Transferencia,Victoriano Rubio Sanchez,284.39
853,892,872,2025-04-04T22:21:04,3,50.58,0.25,0.07,Cripto,Leandro Hierro Cases,121.77
854,653,728,2025-03-30T15:14:01,1,163.98,0.26,0.09,Transferencia,Pascuala Campoy Vicente,132.27
855,671,629,2025-10-08T01:56:30,1,173.01,0.2,0.18,Transferencia,Sergio Font-Villa,163.32
856,928,601,2025-02-16T03:31:49,6,263.01,0.28,0.11,Tarjeta,Bárbara Sánchez Yuste,1261.19
857,67,198,2025-04-01T20:33:17,9,82.28,0.08,0.08,Tarjeta,Erasmo Rodrigo Peralta Espejo,735.78
858,283,624,2024-11-28T14:36:35,4,347.47,0.12,0.15,Tarjeta,Cintia Rozas Tejada,1406.56
859,319,281,2025-02-22T13:24:22,9,181.84,0.1,0.14,Tarjeta,Osvaldo Tirado Agullo,1679.11
860,580,953,2025-10-20T09:29:25,8,53.2,0.28,0.08,Tarjeta,Nilo Berrocal Mayol,330.95
861,191,326,2025-06-14T20:29:30,10,317.05,0.01,0.08,Tarjeta,Ofelia Carpio Vázquez,3389.9
862,223,654,2025-04-17T02:34:15,6,235.57,0.26,0.19,Efectivo,Teodoro Lopez-Arcos,1244.66
863,858,698,2025-07-30T16:13:53,4,376.23,0.22,0.1,Cripto,Juan Luis Tomas Gallart,1291.22
864,723,294,2025-05-21T04:36:41,3,146.69,0.17,0.11,Transferencia,Aurora Mínguez,405.44
865,280,905,2025-07-26T17:02:14,4,96.78,0.09,0.15,Efectivo,Inés Andrea Gras Plana,405.12
866,95,502,2025-09-15T16:40:35,6,293.56,0.1,0.15,Cripto,Zoraida Beltrán Velasco,1823.01
867,850,647,2025-08-29T18:05:53,3,28,0.25,0.11,Transferencia,Hermenegildo Lerma Gallart,69.93
868,720,445,2025-07-17T03:00:26,6,326.54,0.2,0.09,Efectivo,Heraclio del Barceló,1708.46
869,717,992,2025-08-16T11:14:57,9,280.29,0.22,0.09,Transferencia,Zoraida Viñas,2144.72
870,265,224,2025-04-09T09:35:04,8,137.81,0.28,0.13,Transferencia,Isidora Larrea Cordero,896.98
871,487,144,2025-07-03T08:01:00,8,297.54,0.11,0.11,Tarjeta,Florencia Hernández,2351.52
872,331,719,2025-09-11T21:55:14,2,318.44,0.26,0.05,Cripto,Joaquín Tejero Carpio,494.86
873,487,343,2025-08-01T10:47:45,6,327.46,0.03,0.19,Efectivo,Isaac Lorenzo Aguirre,2267.92
874,167,479,2025-08-25T21:32:41,9,101.22,0.01,0.17,Cripto,Sergio Roca-Larrañaga,1055.19
875,608,590,2024-11-04T00:42:42,7,368.17,0.14,0.09,Efectivo,Andrés Felipe Cervantes Murillo,2415.86
876,616,346,2025-07-08T05:41:55,8,342.49,0.09,0.2,Transferencia,Mateo Orozco Adán,2991.99
877,782,958,2025-04-02T11:16:25,9,62.85,0.13,0.09,Cripto,Chema Julio César Roma Adadia,536.41
878,608,30,2025-06-20T04:35:05,3,260.98,0.28,0.18,Transferencia,Vanesa Clemente Terrón,665.19
879,975,996,2024-12-24T01:26:49,10,378.41,0.04,0.1,Tarjeta,Fernando Chaves Alcántara,3996.01
880,994,93,2025-04-23T22:25:51,5,398.5,0.04,0.1,Cripto,Evaristo Iriarte-Bellido,2104.08
881,170,472,2024-11-28T11:14:40,1,332.72,0.06,0.08,Efectivo,Iris Piñol Amo,337.78
882,83,190,2025-06-18T23:52:02,4,430.3,0.13,0.16,Transferencia,Marina Gibert Giner,1737.04
883,702,569,2025-10-17T20:49:25,6,12.42,0.05,0.06,Cripto,Leonardo Ros Barón,75.04
884,716,218,2025-07-17T01:47:27,8,337.53,0.25,0.16,Tarjeta,Pepito Lozano-Pallarès,2349.21
885,397,132,2025-04-04T16:32:44,6,383.89,0.04,0.17,Efectivo,Bautista de Clavero,2587.11
886,840,691,2024-12-24T21:01:53,7,302.5,0.16,0.1,Tarjeta,Zacarías Fonseca-Gomis,1956.57
887,228,907,2024-12-24T16:05:45,10,97.3,0.07,0.1,Tarjeta,Evita Montes Manjón,995.38
888,626,614,2025-04-23T03:31:20,7,458.15,0.19,0.07,Transferencia,Paula Prada Garrido,2779.55
889,46,217,2025-03-04T00:00:24,5,223.35,0.1,0.15,Cripto,Ana Llobet Alcántara,1155.84
890,155,292,2025-03-11T10:04:14,5,199.54,0.25,0.06,Cripto,Alejandro Solé Huguet,793.17
891,184,168,2025-01-02T15:33:19,7,344.35,0.25,0.12,Tarjeta,Nayara Ballesteros,2024.78
892,355,703,2025-08-09T04:47:54,2,331.38,0.12,0.17,Transferencia,Amaro Ureña Carrera,682.38
893,327,132,2025-03-11T07:39:31,10,258.42,0.21,0.05,Cripto,Pili Guardiola Larrea,2143.59
894,433,790,2025-05-23T09:14:45,1,158.45,0.08,0.15,Cripto,Balduino Abad Mosquera,167.64
895,515,382,2025-09-17T06:33:38,8,358.89,0.25,0.2,Tarjeta,Victor Prats Conesa,2584.01
896,805,184,2025-05-03T17:57:41,7,270.54,0.12,0.15,Transferencia,Faustino Morell Somoza,1916.51
897,8,346,2025-08-14T09:31:10,10,136.34,0.15,0.14,Cripto,Sancho Blasco Tovar,1321.13
898,446,50,2025-04-19T19:07:14,8,148.04,0.04,0.12,Efectivo,Pilar Moya Cantón,1273.38
899,52,911,2025-03-27T07:27:24,10,346.33,0.08,0.1,Efectivo,Eli Manso Carnero,3504.86
900,786,839,2025-10-14T21:01:40,1,275.95,0.05,0.1,Tarjeta,Agustín Ribes Jaén,288.37
901,458,333,2025-02-14T01:50:46,5,321.63,0.18,0.1,Tarjeta,Eulalia Navarro Cueto,1450.55
902,545,757,2025-09-19T02:16:10,7,131.83,0.03,0.06,Transferencia,Adalberto Porras Berenguer,948.83
903,649,506,2025-10-16T15:37:36,7,447.43,0.1,0.12,Transferencia,Yaiza Candela Carpio Torrent,3157.07
904,941,846,2025-02-21T05:39:27,9,288.84,0.01,0.1,Tarjeta,Esther Berrocal-Batlle,2830.92
905,151,624,2025-08-24T12:03:13,2,197.14,0.29,0.06,Efectivo,Marina del Mas,296.74
906,433,411,2025-08-11T03:08:46,1,100.13,0.22,0.16,Tarjeta,Tania Romeu Báez,90.6
907,857,935,2024-12-06T14:22:56,7,482.93,0.24,0.14,Efectivo,Toribio Ibarra Garrido,2928.87
908,631,527,2025-04-03T03:09:47,9,428.58,0.07,0.17,Efectivo,Xavier Benito Corominas,4197.04
909,588,485,2025-02-20T05:45:35,4,382.75,0.13,0.16,Transferencia,Lidia Montenegro Pulido,1545.09
910,284,514,2025-09-02T02:48:48,1,306.27,0.27,0.15,Efectivo,José Luis Cándido Jurado Camino,257.11
911,6,417,2024-11-04T16:37:54,4,19.17,0.12,0.07,Efectivo,Bernabé Valera Marco,72.2
912,474,614,2025-02-12T08:05:08,6,57.6,0.07,0.16,Transferencia,Consuela Dafne Juan Garrido,372.83
913,66,627,2025-10-01T12:19:17,5,366.8,0.18,0.12,Cripto,Felisa Chelo Barbero Viñas,1684.35
914,651,610,2024-12-25T11:00:54,6,275.31,0.14,0.13,Efectivo,Lucas Adadia Plaza,1605.28
915,349,328,2024-11-21T22:25:36,6,413.09,0.05,0.18,Cripto,Marcelino Duque Estrada,2778.44
916,216,546,2025-01-24T04:20:12,3,339.76,0.08,0.05,Tarjeta,Adán de Vives,984.62
917,647,499,2025-01-29T09:55:51,9,492.62,0.02,0.16,Efectivo,Maximino del Gallego,5040.09
918,312,299,2025-10-14T06:59:08,6,231.23,0.14,0.07,Transferencia,Feliciana Gutiérrez Gomez,1276.67
919,640,361,2024-11-20T09:43:50,10,221.45,0.3,0.05,Efectivo,Crescencia Viana Quirós,1627.66
920,570,762,2025-02-05T20:11:44,8,494.94,0.11,0.13,Cripto,Martín Herrera-Alvarado,3982.09
921,622,972,2025-04-23T02:42:32,2,57.52,0.07,0.2,Efectivo,Montserrat Llopis Pujol,128.38
922,183,886,2025-01-27T20:46:19,3,385.77,0.3,0.2,Cripto,Dorita Coca Arnal,972.14
923,361,770,2025-02-21T02:53:23,4,214.91,0.18,0.1,Efectivo,Rogelio Salazar Rovira,775.4
924,646,109,2025-06-24T06:06:55,6,256.13,0.16,0.08,Cripto,Glauco Mateu Ortiz,1394.17
925,507,775,2025-03-26T22:04:25,8,150.28,0.28,0.07,Transferencia,Máxima Bibiana Ramón Guerrero,926.21
926,410,296,2025-08-23T09:51:49,1,271.01,0.1,0.12,Transferencia,Pedro Amo-Nevado,273.18
927,700,930,2024-12-04T08:42:25,2,197.84,0.2,0.2,Cripto,Félix Jose Roma Río,379.85
928,194,652,2025-09-09T03:46:52,1,313.25,0.04,0.14,Tarjeta,Melania Plaza Julián,342.82
929,614,585,2025-07-13T16:33:37,7,473.29,0.1,0.09,Cripto,Rita Sabater,3250.08
930,701,94,2025-06-10T12:47:04,6,21.13,0.18,0.17,Cripto,Donato Gil Ripoll Llano,121.63
931,566,524,2025-02-07T22:18:10,4,426.65,0.05,0.11,Transferencia,Celia Ugarte Falcó,1799.61
932,180,484,2025-07-24T14:35:14,4,168.13,0.09,0.18,Transferencia,Aroa Salinas Merino,722.15
933,592,473,2025-01-03T08:09:29,8,130.07,0.18,0.2,Transferencia,Julia Ledesma Cepeda,1023.91
934,997,473,2025-06-27T08:23:44,9,324.28,0.24,0.18,Transferencia,Edelmiro Martinez Manso,2617.33
935,251,474,2025-03-04T09:56:39,2,13.37,0.01,0.15,Cripto,Rosario Ortuño,30.44
936,883,395,2025-09-15T09:01:37,2,393.69,0.29,0.18,Tarjeta,Isabel Iniesta Ferrández,659.67
937,733,796,2025-10-23T02:15:09,10,327.07,0.16,0.05,Cripto,Carmelo Silvestre Ponce Dávila,2884.76
938,848,744,2024-11-05T06:28:15,1,153.55,0.12,0.17,Tarjeta,Hernán Valentín,158.1
939,373,410,2025-09-07T07:52:24,9,318.34,0.13,0.17,Tarjeta,Loida Palomino Vázquez,2916.34
940,150,868,2024-11-01T02:21:34,5,381.39,0.17,0.17,Transferencia,Leyre Amaya Avilés,1851.84
941,376,423,2025-02-20T17:38:36,6,79.56,0.07,0.12,Efectivo,Adolfo Galán Conesa,497.22
942,100,338,2024-12-15T04:34:56,2,234.54,0.21,0.16,Efectivo,Palmira Cifuentes Comas,429.86
943,351,303,2025-07-25T20:26:17,8,172.02,0.14,0.09,Efectivo,Juan Carlos Teruel Carreño,1290.01
944,609,37,2025-04-25T00:11:13,3,82.53,0.09,0.08,Efectivo,Leyre Jordán Espejo,243.33
945,578,372,2024-12-17T12:57:32,5,160.26,0.21,0.14,Efectivo,María Jesús Catalán Correa,721.65
946,487,731,2025-05-16T05:55:00,8,339.91,0.05,0.17,Transferencia,Elisa Gabaldón Vara,3022.48
947,151,623,2024-10-29T14:57:51,5,430.98,0.08,0.08,Transferencia,Hilario Gelabert Ramos,2141.11
948,598,311,2025-04-02T19:20:10,3,296.28,0.08,0.16,Cripto,Ileana del Bilbao,948.57
949,489,634,2025-07-07T22:24:04,3,486.48,0.19,0.14,Efectivo,Baudelio de Paredes,1347.65
950,536,384,2025-01-03T12:17:13,7,434.05,0.15,0.08,Cripto,Ale Ureña Verdú,2789.21
951,180,496,2025-03-11T06:57:03,7,16.97,0.28,0.1,Efectivo,Fidela Peñalver Lopez,94.08
952,212,230,2025-05-09T18:21:23,3,146.37,0.23,0.17,Transferencia,Eleuterio Escobar Ripoll,395.59
953,366,511,2025-04-27T06:52:01,8,289.01,0.19,0.05,Transferencia,Pía Bertrán,1966.42
954,760,208,2025-08-18T00:58:53,6,335.48,0.12,0.06,Efectivo,Beatriz Celestina Garay Olivera,1877.61
955,520,69,2025-07-19T21:47:21,5,281.11,0.16,0.16,Tarjeta,Virginia de Pérez,1369.57
956,994,818,2025-09-30T21:45:25,1,228.85,0.16,0.09,Transferencia,Etelvina Tena Barral,209.54
957,707,959,2025-07-31T06:37:52,4,121.89,0.22,0.08,Efectivo,Gonzalo Demetrio Maldonado Olmedo,410.72
958,566,285,2025-06-20T01:04:58,2,374.12,0.22,0.19,Transferencia,Marianela Blázquez-Barroso,694.52
959,536,311,2025-09-22T16:50:57,1,111.79,0.07,0.16,Cripto,Francisco Jose Jurado,120.6
960,476,101,2025-03-24T04:05:48,9,442,0.02,0.17,Tarjeta,Che Exposito-Porta,4561.17
961,202,490,2025-09-07T03:32:01,2,226.53,0.14,0.06,Transferencia,Damián Revilla Carvajal,413.01
962,613,499,2025-06-27T15:46:13,5,288.97,0.17,0.18,Tarjeta,Amalia Ricart,1415.09
963,738,908,2025-05-04T03:42:17,8,390.92,0.06,0.17,Cripto,Sabas del Álamo,3439.47
964,1,258,2025-02-01T12:09:18,7,304.66,0.15,0.08,Cripto,María Teresa de Hidalgo,1957.75
965,527,291,2024-10-28T05:45:12,5,139.46,0.16,0.1,Efectivo,Aristides Cabello Calatayud,644.31
966,641,451,2025-01-26T18:51:16,2,488.84,0.28,0.12,Efectivo,Flavia Cámara Tejada,788.4
967,915,998,2024-11-10T02:52:38,9,240.55,0.05,0.06,Cripto,Edmundo Estevez Lastra,2180.1
968,690,312,2025-10-02T11:10:08,2,463.39,0.13,0.15,Transferencia,Lourdes Donoso Ortega,927.24
969,199,798,2024-11-02T17:13:11,2,383.8,0.06,0.13,Efectivo,Jacinta Maribel Valencia Torralba,815.34
970,785,544,2024-11-23T03:33:19,8,60.43,0.09,0.14,Transferencia,Hernando Valle Peiró,501.52
971,332,161,2025-01-20T02:04:19,4,385.53,0.24,0.18,Transferencia,Febe Albero Cabeza,1382.97
972,334,980,2024-11-25T07:09:06,9,490.77,0.2,0.17,Efectivo,Porfirio Cárdenas Corral,4134.25
973,235,956,2025-07-21T18:05:18,5,241.27,0.26,0.1,Transferencia,Esmeralda Peláez Figueras,981.97
974,314,342,2025-03-07T20:11:43,6,416.32,0.09,0.1,Cripto,Victor Manuel Polo Peinado,2500.42
975,781,428,2024-12-06T00:00:33,1,383.49,0.12,0.2,Efectivo,Bibiana Pallarès Casanova,404.97
976,662,825,2025-08-30T20:17:14,3,487.74,0.23,0.05,Transferencia,Isidro Carrasco Iniesta,1183.01
977,214,678,2025-08-17T22:07:49,5,154.45,0.11,0.1,Cripto,Pablo Perelló-Fajardo,756.03
978,334,572,2025-01-03T13:04:24,9,372.12,0.24,0.14,Cripto,Viviana Carranza Alonso,2901.64
979,877,281,2025-01-22T11:43:59,2,46.47,0.05,0.16,Cripto,Odalys Márquez Sanabria,102.42
980,975,995,2025-06-13T22:49:11,1,392.8,0.12,0.19,Cripto,Miriam Alegre Blanca,411.34
981,256,287,2025-05-06T00:26:32,10,297.2,0.02,0.06,Efectivo,Cintia Amor Miralles Sola,3087.31
982,283,551,2024-11-22T14:38:21,6,224.68,0.09,0.12,Tarjeta,Mayte Sacristán Estévez,1373.96
983,333,794,2025-07-13T22:09:22,7,413.91,0.26,0.14,Transferencia,Aureliano de Boix,2444.22
984,576,91,2025-02-16T01:17:38,8,130.16,0.17,0.16,Efectivo,Paloma Estefanía Cabo Perales,1002.54
985,571,544,2025-09-11T14:22:39,5,347.89,0.04,0.17,Efectivo,Viviana Naranjo Antúnez,1953.75
986,981,874,2025-08-07T02:08:48,6,453.5,0.13,0.18,Transferencia,Soledad Leon Mancebo,2793.38
987,329,480,2024-11-03T03:04:37,4,235.79,0.1,0.15,Efectivo,Esteban Rosa-Salas,976.17
988,262,619,2025-08-27T01:47:04,1,78.73,0.19,0.11,Cripto,Cirino Aguiló Vazquez,70.79
989,818,50,2024-12-20T19:22:48,9,39.54,0.3,0.11,Cripto,Victor Manuel del Lloret,276.5
990,33,983,2025-06-07T02:06:32,9,437.81,0.1,0.13,Efectivo,Jose Sala Palomares,4007.27
991,589,342,2025-06-01T21:41:16,2,369.87,0.17,0.2,Tarjeta,Rosario Alegria,736.78
992,545,163,2025-04-25T02:36:28,9,424.69,0.03,0.19,Transferencia,Jonatan Blanca Flores,4411.98
993,770,75,2024-12-03T03:07:04,7,410.7,0.14,0.18,Transferencia,Maribel Vendrell Antón,2917.45
994,667,339,2025-03-06T00:51:24,2,99.02,0.17,0.12,Cripto,Juan Ayllón Hurtado,184.1
995,911,22,2025-09-17T03:46:35,7,291.62,0,0.17,Tarjeta,Javi Reina Escalona,2388.37
996,9,231,2025-01-14T02:52:43,6,219.3,0.08,0.08,Efectivo,Claudio Blázquez Herrero,1307.38
997,546,469,2025-07-14T19:34:07,4,387.26,0.17,0.1,Transferencia,Genoveva Chaparro Vazquez,1414.27
998,194,792,2025-03-09T17:21:41,3,111.01,0.05,0.05,Tarjeta,Juan Bautista Riba Cabezas,332.2
999,799,131,2025-09-02T10:03:50,9,180.77,0.02,0.18,Transferencia,Carina Urrutia,1881.38
1000,674,214,2025-06-19T20:22:10,4,158.44,0.13,0.09,Transferencia,Cipriano Porta Carpio,600.99